Date,Customer_Age,Customer_Gender,Product_Category,Inventory,Price_per_Unit, Sales
11-02-2023,21,Male,Electronics,1,394,394
15-06-2022,48,Female,Sports,2,131,261
05-07-2023,30,Female,Electronics,2,480,961
18-08-2024,50,Female,Beauty,1,34,34
12-03-2023,43,Female,Sports,2,160,320
10-01-2023,33,Female,Beauty,2,25,50
02-04-2024,40,Male,Sports,3,195,584
01-05-2024,18,Male,Sports,2,145,289
24-12-2022,37,Male,Groceries,14,5,69
01-12-2024,45,Male,Clothing,2,59,118
04-06-2023,22,Male,Clothing,2,24,48
09-07-2023,43,Male,Groceries,9,7,63
29-12-2023,39,Female,Clothing,2,105,210
30-07-2022,45,Male,Clothing,3,70,209
24-07-2022,52,Female,Clothing,1,112,112
15-06-2023,53,Male,Groceries,9,5,43
10-02-2023,59,Female,Clothing,4,89,357
16-07-2022,20,Female,Clothing,3,93,278
26-01-2024,53,Female,Clothing,1,86,86
30-11-2024,30,Female,Electronics,1,955,955
19-10-2023,27,Male,Clothing,3,97,292
05-02-2024,40,Male,Electronics,1,359,359
12-03-2024,29,Female,Groceries,3,7,21
08-05-2024,65,Female,Electronics,1,770,770
26-07-2023,28,Female,Beauty,3,58,173
27-11-2023,18,Female,Groceries,3,13,38
14-05-2022,49,Female,Sports,1,120,120
14-02-2024,58,Female,Clothing,2,71,143
16-11-2022,32,Female,Beauty,3,24,71
22-02-2023,43,Female,Beauty,3,16,47
08-06-2022,26,Female,Electronics,2,413,825
22-01-2022,34,Female,Groceries,3,7,20
06-03-2023,37,Male,Groceries,10,12,120
02-05-2022,18,Male,Electronics,1,1038,1038
22-07-2023,61,Female,Sports,2,148,297
16-01-2023,31,Male,Groceries,8,9,74
13-11-2023,34,Female,Beauty,2,55,110
03-07-2024,54,Female,Beauty,3,19,56
24-08-2024,55,Male,Groceries,10,4,36
07-02-2022,53,Female,Beauty,2,35,69
16-12-2023,56,Female,Sports,1,69,69
23-10-2023,59,Male,Electronics,2,1052,2104
09-01-2022,49,Female,Sports,3,58,173
15-06-2022,39,Male,Groceries,12,7,78
20-07-2023,23,Male,Sports,2,187,374
15-03-2022,56,Female,Sports,2,110,221
18-02-2024,37,Female,Beauty,1,44,44
11-05-2023,39,Male,Groceries,14,12,172
07-07-2022,25,Female,Beauty,3,31,93
29-09-2024,51,Female,Electronics,2,942,1883
31-12-2022,23,Male,Beauty,1,39,39
13-04-2022,54,Male,Groceries,4,12,46
26-03-2024,18,Male,Groceries,13,9,115
03-08-2022,55,Female,Clothing,4,70,279
16-07-2022,61,Female,Beauty,3,39,116
11-04-2022,48,Female,Sports,1,97,97
26-07-2023,57,Male,Beauty,2,20,41
20-11-2022,62,Female,Beauty,3,25,76
25-02-2022,33,Female,Beauty,2,10,20
21-06-2022,30,Female,Beauty,3,12,36
16-03-2022,19,Female,Groceries,13,3,42
02-10-2022,46,Female,Electronics,3,588,1764
05-02-2022,34,Male,Electronics,1,943,943
28-05-2022,18,Female,Beauty,2,32,65
14-07-2022,45,Female,Electronics,2,230,461
21-08-2022,28,Male,Groceries,3,9,27
22-10-2024,49,Male,Electronics,3,697,2092
07-04-2022,57,Male,Electronics,2,260,519
04-12-2023,62,Male,Sports,1,29,29
19-04-2023,45,Male,Sports,1,196,196
22-03-2023,59,Male,Groceries,10,10,101
23-10-2023,62,Female,Beauty,3,48,144
23-07-2022,60,Male,Sports,1,200,200
16-02-2024,63,Female,Electronics,1,329,329
25-08-2022,57,Female,Electronics,1,1052,1052
10-06-2024,21,Male,Groceries,13,7,95
24-06-2023,27,Male,Sports,1,111,111
30-08-2022,57,Male,Beauty,2,40,80
09-09-2024,25,Male,Beauty,3,40,120
23-10-2023,21,Female,Beauty,2,17,35
26-09-2024,34,Male,Sports,2,122,244
14-07-2023,29,Female,Beauty,2,46,92
15-06-2022,24,Female,Beauty,3,40,121
09-04-2023,48,Female,Electronics,2,746,1492
02-11-2024,44,Male,Sports,3,130,391
01-04-2023,23,Male,Electronics,2,948,1895
07-09-2022,43,Male,Clothing,1,88,88
03-05-2024,34,Male,Groceries,6,7,42
31-10-2024,55,Female,Groceries,13,3,38
10-09-2023,25,Female,Beauty,2,43,87
13-09-2022,23,Female,Sports,2,38,76
06-04-2024,64,Female,Beauty,1,21,21
01-01-2023,63,Female,Electronics,3,447,1341
22-05-2024,45,Male,Sports,3,142,425
07-11-2024,48,Male,Beauty,3,14,41
25-05-2023,61,Female,Groceries,12,13,158
06-09-2023,65,Male,Electronics,2,235,470
08-12-2022,29,Female,Clothing,2,87,174
22-07-2024,52,Female,Groceries,3,12,36
03-09-2022,32,Male,Beauty,2,40,81
25-07-2023,53,Male,Beauty,2,54,109
23-10-2023,40,Female,Beauty,2,15,30
09-04-2024,63,Female,Clothing,2,42,84
13-06-2022,22,Male,Beauty,1,19,19
07-01-2024,34,Female,Clothing,1,108,108
11-07-2024,61,Female,Groceries,8,13,100
23-01-2023,41,Female,Sports,2,73,146
01-07-2022,58,Female,Sports,3,39,118
30-05-2024,61,Male,Electronics,2,594,1189
22-09-2024,55,Female,Sports,3,88,263
06-05-2024,40,Female,Groceries,6,9,52
14-12-2024,60,Female,Electronics,2,1026,2052
16-07-2022,41,Female,Sports,2,176,352
20-12-2022,59,Female,Clothing,4,32,126
26-08-2023,61,Male,Clothing,3,82,247
07-03-2023,33,Male,Beauty,1,40,40
24-01-2024,42,Female,Clothing,1,25,25
15-08-2023,56,Female,Clothing,3,26,79
22-11-2023,60,Male,Groceries,5,2,12
04-09-2023,18,Male,Sports,3,26,78
21-11-2023,18,Male,Electronics,3,766,2297
16-05-2023,50,Male,Electronics,2,426,853
23-03-2023,60,Male,Groceries,12,9,107
27-11-2022,64,Female,Sports,3,136,409
13-08-2024,59,Male,Clothing,4,119,477
06-10-2022,47,Female,Beauty,1,22,22
08-02-2023,33,Male,Groceries,9,11,99
12-03-2022,61,Female,Sports,2,46,92
19-10-2022,60,Male,Electronics,1,984,984
16-05-2022,23,Male,Sports,1,57,57
29-05-2022,42,Male,Sports,1,123,123
31-12-2022,44,Female,Electronics,2,1084,2168
03-07-2023,31,Male,Beauty,3,20,60
05-11-2023,51,Female,Beauty,1,38,38
04-01-2024,40,Male,Clothing,1,74,74
18-06-2022,62,Female,Electronics,2,1144,2289
24-02-2022,60,Female,Beauty,1,29,29
10-11-2022,35,Female,Beauty,2,51,101
31-07-2023,45,Male,Sports,3,72,216
03-02-2024,18,Male,Beauty,2,50,100
03-04-2022,56,Female,Groceries,5,9,44
04-02-2022,27,Female,Groceries,9,14,127
14-05-2024,18,Female,Electronics,3,1170,3510
17-12-2022,42,Male,Beauty,3,19,58
02-07-2024,65,Female,Groceries,5,12,59
02-12-2022,64,Female,Beauty,1,17,17
19-03-2024,49,Female,Beauty,2,54,108
13-06-2024,25,Male,Electronics,1,817,817
07-01-2022,58,Male,Groceries,6,8,47
24-03-2022,52,Female,Clothing,3,54,163
21-02-2024,22,Male,Sports,3,58,173
19-04-2023,43,Male,Beauty,1,34,34
29-11-2022,54,Female,Clothing,1,106,106
03-06-2022,54,Male,Groceries,5,8,42
02-04-2024,20,Male,Electronics,2,471,941
10-10-2024,64,Male,Beauty,1,24,24
12-04-2023,57,Male,Sports,1,199,199
30-11-2023,52,Female,Electronics,1,941,941
12-04-2022,58,Female,Clothing,3,28,83
27-03-2022,43,Male,Beauty,3,34,102
28-07-2023,52,Female,Sports,1,172,172
09-12-2023,55,Female,Sports,3,193,578
01-04-2024,42,Female,Sports,2,44,89
24-07-2022,31,Male,Beauty,2,54,109
08-10-2024,44,Female,Beauty,3,44,131
14-05-2022,50,Female,Electronics,3,702,2105
10-05-2023,43,Female,Clothing,1,71,71
08-08-2024,39,Male,Beauty,3,28,85
03-07-2022,30,Female,Electronics,3,1002,3007
25-04-2024,60,Male,Electronics,1,676,676
30-10-2023,26,Female,Sports,2,111,222
05-02-2023,64,Female,Beauty,3,47,141
16-01-2023,21,Male,Groceries,6,12,71
02-03-2024,35,Female,Groceries,4,5,21
20-10-2023,58,Male,Groceries,12,9,107
23-05-2022,25,Female,Electronics,2,642,1285
28-05-2024,54,Female,Beauty,2,25,49
09-06-2023,47,Male,Clothing,2,95,190
03-04-2024,52,Male,Beauty,2,55,110
20-01-2023,41,Female,Clothing,1,63,63
16-09-2024,31,Male,Clothing,2,45,90
24-05-2023,59,Male,Beauty,3,37,110
02-08-2023,27,Male,Groceries,8,10,83
07-11-2023,53,Female,Beauty,2,21,42
22-01-2024,63,Female,Groceries,4,7,26
11-08-2023,42,Female,Beauty,3,24,71
08-01-2023,57,Male,Groceries,11,11,125
16-06-2023,46,Male,Sports,3,179,537
19-11-2022,47,Female,Clothing,2,38,76
10-10-2023,30,Male,Electronics,1,795,795
21-11-2024,25,Female,Groceries,15,13,200
13-07-2022,63,Male,Clothing,1,107,107
11-07-2023,48,Female,Groceries,4,11,42
24-05-2022,34,Female,Clothing,1,32,32
19-05-2023,54,Female,Groceries,14,7,94
24-03-2023,51,Male,Clothing,3,36,108
04-06-2023,49,Female,Beauty,3,33,98
24-01-2022,36,Male,Sports,2,31,61
27-01-2024,57,Female,Sports,1,60,60
23-04-2022,55,Male,Groceries,5,10,48
29-06-2022,35,Male,Groceries,8,13,105
10-03-2024,55,Male,Sports,1,27,27
19-02-2023,24,Male,Groceries,6,7,40
06-12-2022,34,Female,Groceries,4,9,35
05-05-2023,59,Female,Electronics,1,305,305
25-11-2023,58,Female,Groceries,8,12,93
17-10-2024,23,Female,Electronics,1,937,937
31-12-2023,58,Male,Groceries,5,7,35
22-11-2022,51,Male,Beauty,1,37,37
28-10-2023,60,Female,Clothing,2,25,50
16-06-2022,27,Male,Clothing,2,97,195
16-11-2023,58,Female,Groceries,13,6,77
08-08-2022,26,Male,Sports,2,29,57
07-05-2024,30,Female,Beauty,3,30,89
28-03-2024,62,Male,Sports,1,58,58
27-10-2022,34,Female,Beauty,2,29,57
11-12-2022,42,Male,Beauty,2,23,45
02-11-2024,58,Male,Beauty,1,27,27
21-01-2024,53,Male,Groceries,4,8,34
24-05-2024,57,Male,Sports,2,56,113
24-11-2022,61,Female,Beauty,2,13,26
05-09-2022,59,Female,Sports,1,142,142
10-10-2024,50,Male,Sports,3,140,420
05-07-2022,25,Female,Electronics,2,903,1807
19-09-2023,63,Male,Groceries,10,15,146
10-01-2022,47,Female,Beauty,1,55,55
06-07-2022,23,Male,Sports,2,66,133
27-03-2023,25,Female,Groceries,11,10,106
26-11-2022,39,Male,Clothing,2,23,46
10-11-2024,34,Female,Sports,1,163,163
06-01-2022,19,Male,Sports,3,169,507
18-07-2022,49,Male,Beauty,3,26,79
20-04-2024,26,Male,Groceries,11,8,93
13-09-2022,49,Male,Groceries,13,6,83
30-08-2023,39,Female,Electronics,3,931,2793
08-06-2024,55,Female,Clothing,3,44,131
07-10-2024,44,Female,Electronics,2,921,1841
07-09-2024,55,Female,Electronics,2,256,513
08-06-2024,45,Male,Groceries,12,15,177
14-09-2022,20,Male,Sports,3,40,119
01-09-2024,47,Male,Electronics,1,245,245
21-12-2023,65,Female,Sports,3,153,458
18-12-2024,35,Male,Beauty,2,39,78
14-07-2023,21,Female,Groceries,11,8,90
08-11-2023,51,Female,Beauty,2,31,62
03-03-2022,55,Female,Electronics,2,585,1170
29-05-2023,28,Male,Beauty,3,49,148
01-09-2024,42,Male,Groceries,9,3,27
21-12-2024,45,Male,Clothing,4,98,393
23-03-2023,23,Female,Clothing,1,113,113
11-04-2024,43,Female,Electronics,2,313,625
20-11-2024,39,Male,Groceries,4,5,22
15-12-2022,29,Male,Clothing,1,81,81
18-06-2023,19,Female,Sports,3,39,116
21-10-2022,38,Male,Clothing,3,33,98
24-12-2023,37,Male,Clothing,3,113,338
17-03-2024,31,Male,Clothing,1,36,36
05-04-2024,39,Male,Electronics,1,1102,1102
06-01-2023,52,Female,Sports,2,181,363
26-01-2022,60,Female,Groceries,8,5,39
29-08-2024,39,Male,Groceries,7,10,68
18-02-2023,20,Female,Groceries,15,7,104
01-06-2023,55,Male,Beauty,2,57,113
11-04-2022,35,Male,Electronics,3,692,2075
02-01-2023,31,Male,Clothing,4,44,176
17-08-2022,32,Male,Clothing,4,71,286
04-02-2022,26,Female,Beauty,2,29,58
23-08-2024,44,Male,Beauty,1,58,58
20-10-2022,61,Male,Sports,3,105,316
09-07-2023,47,Male,Electronics,1,403,403
29-12-2022,42,Female,Sports,1,109,109
06-07-2022,18,Female,Clothing,4,119,474
19-09-2024,28,Female,Clothing,3,116,348
26-02-2022,33,Male,Clothing,4,47,188
15-02-2024,20,Female,Beauty,1,22,22
18-09-2022,31,Male,Beauty,3,23,70
02-05-2024,41,Male,Electronics,3,970,2910
26-10-2022,21,Female,Clothing,3,63,188
12-08-2023,65,Male,Electronics,1,293,293
16-11-2022,23,Female,Clothing,4,81,323
09-05-2023,33,Male,Sports,1,189,189
22-03-2024,36,Female,Clothing,3,55,164
18-05-2023,20,Male,Groceries,12,10,114
19-10-2023,28,Female,Sports,2,103,205
17-04-2022,35,Female,Sports,3,189,567
17-02-2022,65,Male,Electronics,3,675,2026
01-04-2022,26,Male,Groceries,3,10,29
24-09-2023,36,Male,Groceries,3,7,20
26-11-2024,22,Female,Clothing,4,76,302
11-03-2024,42,Female,Sports,2,41,83
22-12-2023,18,Female,Groceries,7,8,54
02-02-2022,35,Male,Clothing,1,75,75
07-07-2022,49,Female,Electronics,3,651,1953
30-07-2024,65,Male,Electronics,3,971,2914
10-02-2024,23,Male,Electronics,2,369,739
15-10-2023,42,Female,Beauty,3,60,179
27-04-2022,36,Female,Sports,1,164,164
12-10-2023,29,Male,Groceries,11,12,129
26-04-2024,38,Female,Clothing,2,35,70
14-03-2023,62,Female,Electronics,1,902,902
25-03-2023,53,Male,Clothing,4,67,268
04-10-2022,25,Female,Clothing,4,81,326
11-04-2022,64,Male,Beauty,3,52,157
11-02-2022,49,Female,Sports,1,117,117
19-04-2024,57,Female,Clothing,2,114,229
03-06-2023,59,Female,Clothing,4,78,310
19-07-2023,37,Female,Electronics,1,940,940
10-06-2022,22,Male,Clothing,1,48,48
25-12-2023,50,Female,Sports,1,131,131
31-08-2024,46,Female,Beauty,3,28,84
04-04-2022,41,Male,Clothing,2,53,106
17-10-2024,31,Male,Clothing,3,81,242
03-10-2024,25,Male,Groceries,14,9,125
06-10-2022,27,Male,Electronics,1,725,725
06-06-2023,22,Female,Clothing,2,28,56
11-10-2022,43,Female,Groceries,11,3,37
23-10-2024,25,Male,Electronics,3,972,2917
15-04-2023,36,Male,Electronics,2,941,1883
26-02-2023,53,Male,Clothing,4,66,264
05-02-2024,48,Female,Clothing,3,58,174
02-03-2023,48,Female,Clothing,4,118,470
05-06-2022,44,Male,Groceries,8,11,89
19-09-2022,34,Male,Beauty,2,36,72
05-03-2022,42,Female,Groceries,12,4,50
10-12-2024,63,Female,Electronics,2,370,739
20-09-2022,58,Female,Sports,3,183,549
27-10-2022,25,Male,Beauty,2,17,35
31-01-2023,22,Male,Beauty,2,44,88
04-08-2023,22,Female,Electronics,1,643,643
05-10-2023,33,Female,Clothing,4,91,364
19-04-2023,61,Male,Electronics,1,1117,1117
30-04-2022,56,Female,Sports,1,70,70
03-04-2024,44,Female,Clothing,2,105,210
20-10-2022,50,Male,Groceries,10,8,78
01-02-2024,23,Female,Sports,2,39,79
07-09-2024,65,Female,Sports,2,86,173
27-04-2023,31,Male,Groceries,13,14,185
28-10-2024,31,Female,Groceries,5,6,28
27-08-2023,21,Male,Beauty,3,43,128
24-05-2024,60,Male,Beauty,3,30,90
07-09-2024,55,Female,Electronics,2,375,749
17-04-2023,19,Female,Groceries,9,3,30
30-03-2022,46,Female,Beauty,1,25,25
31-12-2023,38,Female,Groceries,3,14,42
10-09-2023,64,Male,Groceries,14,2,31
09-09-2024,48,Male,Sports,2,167,333
26-09-2024,42,Male,Sports,1,196,196
25-12-2022,56,Male,Groceries,3,11,34
31-01-2024,46,Female,Sports,2,154,309
12-09-2024,60,Female,Electronics,3,505,1516
04-12-2024,19,Female,Sports,3,197,590
13-05-2023,56,Male,Sports,3,62,187
10-07-2022,33,Female,Electronics,2,489,978
31-10-2023,65,Female,Groceries,10,13,131
17-05-2023,65,Female,Electronics,1,611,611
10-04-2023,28,Male,Electronics,1,580,580
04-11-2023,24,Female,Clothing,2,84,169
21-07-2024,57,Female,Groceries,10,7,69
01-03-2023,59,Female,Electronics,1,561,561
18-12-2022,42,Male,Electronics,2,430,860
05-12-2024,48,Male,Sports,2,37,73
28-05-2024,49,Female,Beauty,3,48,143
03-05-2024,45,Male,Clothing,2,55,111
19-11-2024,35,Female,Sports,2,89,177
18-04-2024,53,Female,Sports,3,129,387
26-01-2024,55,Male,Beauty,2,17,34
31-08-2022,57,Male,Beauty,3,47,142
24-09-2023,32,Female,Groceries,5,11,56
06-02-2024,53,Female,Beauty,1,35,35
14-09-2022,61,Male,Electronics,2,843,1686
12-02-2023,37,Female,Beauty,1,19,19
19-11-2022,23,Male,Groceries,13,14,188
29-10-2023,46,Female,Beauty,3,18,53
05-09-2024,65,Male,Clothing,1,36,36
06-02-2022,25,Female,Groceries,12,12,145
23-03-2022,19,Male,Groceries,4,4,18
20-06-2022,55,Male,Electronics,1,1116,1116
23-03-2023,60,Male,Sports,3,25,76
14-12-2023,21,Male,Clothing,4,47,186
09-12-2022,21,Male,Beauty,1,12,12
27-08-2024,63,Female,Groceries,9,9,85
10-10-2022,63,Male,Sports,1,171,171
27-03-2022,25,Male,Groceries,4,12,50
31-10-2024,58,Female,Beauty,3,27,81
20-05-2023,26,Male,Clothing,2,63,126
01-12-2022,33,Female,Sports,3,172,516
06-01-2022,30,Male,Sports,2,87,174
08-02-2022,63,Male,Clothing,4,33,130
29-04-2022,43,Female,Clothing,4,55,221
03-01-2024,40,Male,Sports,1,30,30
02-09-2022,29,Male,Clothing,4,29,117
04-10-2022,53,Female,Sports,2,181,362
26-08-2024,21,Female,Sports,2,64,127
27-12-2023,62,Female,Sports,1,145,145
22-02-2024,61,Male,Clothing,3,50,151
27-10-2022,46,Male,Beauty,3,39,117
16-06-2023,52,Female,Groceries,9,9,78
07-08-2024,18,Female,Clothing,2,39,77
18-08-2022,61,Male,Groceries,5,2,11
28-02-2022,50,Male,Sports,3,180,539
06-11-2023,27,Female,Sports,3,127,380
07-03-2024,61,Male,Groceries,15,3,41
29-08-2024,37,Male,Beauty,3,23,70
31-01-2023,26,Female,Clothing,4,62,248
20-11-2023,50,Female,Beauty,2,13,26
26-11-2022,47,Female,Electronics,3,354,1061
18-10-2023,58,Male,Sports,3,56,168
19-05-2023,43,Female,Electronics,1,410,410
04-09-2023,43,Female,Beauty,3,41,123
17-01-2024,45,Female,Groceries,10,8,79
08-06-2022,65,Female,Clothing,2,88,176
27-02-2022,22,Male,Groceries,13,15,191
16-06-2022,50,Female,Sports,2,48,97
20-10-2024,27,Female,Sports,2,192,385
28-09-2023,64,Female,Clothing,1,52,52
24-06-2022,31,Female,Electronics,2,369,738
05-12-2024,62,Male,Groceries,5,9,45
01-06-2023,45,Male,Sports,3,93,279
07-02-2022,28,Male,Electronics,2,221,442
22-07-2022,58,Male,Sports,2,54,107
14-03-2022,54,Female,Groceries,9,7,59
02-10-2024,20,Male,Clothing,2,114,227
31-03-2024,53,Female,Sports,2,56,112
08-03-2022,59,Female,Beauty,1,34,34
17-04-2024,41,Male,Sports,1,57,57
17-09-2023,22,Male,Beauty,2,11,22
24-12-2023,39,Male,Electronics,1,1071,1071
20-10-2024,48,Female,Groceries,7,9,64
26-12-2023,47,Male,Sports,2,195,391
27-06-2022,19,Male,Sports,2,120,239
29-12-2023,63,Male,Electronics,3,1195,3585
31-05-2022,51,Female,Sports,2,165,331
05-04-2024,32,Female,Clothing,4,36,145
23-04-2024,37,Female,Clothing,1,33,33
13-06-2022,60,Female,Groceries,14,3,42
18-03-2023,43,Female,Clothing,2,83,166
05-01-2023,57,Female,Groceries,3,7,20
09-07-2024,24,Female,Beauty,2,49,98
24-02-2023,53,Male,Clothing,1,102,102
26-06-2022,23,Male,Beauty,1,20,20
15-09-2023,27,Female,Groceries,7,15,102
18-03-2023,39,Male,Clothing,4,77,309
07-12-2024,19,Male,Electronics,1,1043,1043
22-02-2023,59,Male,Groceries,14,8,110
27-12-2022,59,Female,Clothing,2,72,144
07-05-2022,20,Male,Groceries,7,12,85
17-04-2023,45,Male,Sports,2,78,156
30-04-2023,57,Female,Sports,2,175,350
24-10-2023,53,Female,Beauty,1,36,36
07-06-2022,39,Female,Electronics,2,403,805
25-11-2022,19,Male,Beauty,3,31,92
03-03-2024,18,Male,Sports,2,192,385
06-08-2023,61,Female,Clothing,4,109,437
26-12-2022,18,Male,Electronics,2,595,1191
27-10-2024,32,Female,Sports,3,53,158
10-08-2022,46,Female,Clothing,4,63,251
14-07-2023,65,Male,Electronics,2,217,433
12-03-2024,43,Female,Clothing,1,63,63
20-12-2024,36,Male,Electronics,3,1019,3057
22-09-2023,47,Female,Clothing,4,45,180
07-12-2022,58,Female,Beauty,2,33,66
06-06-2022,45,Male,Sports,3,157,470
21-12-2022,30,Male,Sports,1,74,74
13-06-2024,47,Male,Clothing,4,102,409
19-11-2024,51,Male,Clothing,4,58,233
09-02-2023,56,Female,Clothing,2,111,221
27-08-2023,59,Male,Groceries,4,8,33
04-10-2024,40,Male,Clothing,1,84,84
25-08-2022,35,Male,Sports,1,53,53
09-03-2024,39,Female,Beauty,3,35,104
14-09-2022,20,Male,Clothing,3,94,282
28-10-2024,43,Female,Clothing,3,54,162
20-05-2022,34,Male,Groceries,6,6,33
11-12-2023,46,Male,Beauty,1,39,39
03-09-2023,61,Female,Electronics,1,206,206
19-07-2023,47,Female,Clothing,2,80,160
14-08-2022,64,Male,Sports,3,56,169
20-05-2024,64,Male,Clothing,1,28,28
06-08-2024,18,Male,Sports,2,70,140
25-03-2024,64,Male,Electronics,1,886,886
03-08-2024,62,Female,Groceries,4,8,31
22-05-2024,54,Female,Sports,2,96,193
09-08-2022,31,Female,Sports,2,186,371
04-07-2022,63,Female,Electronics,2,749,1499
05-07-2023,61,Female,Clothing,3,56,169
04-02-2023,24,Male,Electronics,2,1192,2385
09-01-2024,48,Male,Groceries,11,8,88
24-07-2022,19,Male,Electronics,3,1025,3074
15-10-2023,56,Female,Electronics,2,1072,2145
14-02-2022,25,Female,Sports,1,92,92
31-03-2024,41,Female,Beauty,1,22,22
01-01-2022,40,Male,Electronics,1,725,725
09-09-2024,39,Female,Sports,2,49,97
07-10-2023,36,Female,Clothing,2,34,67
29-08-2023,60,Male,Clothing,1,102,102
11-03-2022,24,Male,Beauty,2,57,114
11-04-2023,49,Female,Sports,2,54,107
18-01-2024,31,Female,Groceries,10,6,61
27-03-2024,43,Female,Clothing,4,34,136
28-02-2023,57,Male,Sports,1,39,39
27-03-2022,49,Female,Clothing,2,30,59
13-04-2023,53,Female,Beauty,3,17,50
17-03-2022,47,Male,Beauty,3,23,70
20-08-2024,29,Male,Groceries,7,15,103
26-02-2023,27,Male,Beauty,2,60,120
14-01-2022,46,Male,Sports,2,120,241
15-10-2022,27,Female,Groceries,11,9,103
06-08-2022,32,Male,Sports,1,77,77
21-11-2022,45,Female,Sports,1,179,179
25-06-2024,51,Male,Sports,1,102,102
29-06-2022,23,Male,Groceries,9,12,111
21-09-2022,19,Female,Beauty,3,48,143
28-02-2024,19,Male,Beauty,1,24,24
05-11-2023,65,Female,Electronics,3,348,1043
09-11-2024,57,Female,Sports,3,119,357
16-03-2024,43,Female,Electronics,3,1074,3222
27-01-2023,30,Male,Clothing,4,119,474
26-06-2023,38,Male,Beauty,2,29,58
30-01-2022,54,Male,Electronics,1,300,300
29-01-2023,31,Female,Electronics,2,647,1294
17-03-2023,54,Male,Beauty,3,13,39
26-09-2024,25,Female,Beauty,1,54,54
19-03-2024,47,Female,Sports,1,71,71
08-05-2023,40,Female,Clothing,4,119,477
28-03-2024,65,Male,Groceries,3,11,34
17-12-2022,18,Male,Groceries,3,9,28
21-12-2023,32,Male,Electronics,2,1188,2377
16-01-2024,25,Female,Beauty,1,27,27
19-03-2024,29,Female,Electronics,1,832,832
06-01-2024,57,Male,Beauty,2,24,47
07-11-2024,59,Male,Groceries,10,14,137
03-08-2023,62,Male,Clothing,2,100,200
10-10-2023,41,Female,Groceries,15,13,193
22-07-2023,51,Female,Clothing,2,31,63
14-12-2022,42,Female,Groceries,7,2,15
09-10-2024,49,Female,Groceries,3,14,43
09-03-2023,30,Female,Electronics,3,1130,3389
16-02-2022,42,Male,Sports,1,53,53
09-06-2023,51,Female,Electronics,2,1189,2378
10-01-2024,55,Male,Electronics,2,815,1630
25-09-2023,49,Male,Sports,1,33,33
11-02-2024,52,Male,Sports,2,26,52
28-10-2022,46,Female,Clothing,4,71,284
28-09-2023,39,Male,Electronics,3,334,1003
12-11-2023,30,Male,Electronics,1,1006,1006
11-07-2022,54,Female,Groceries,6,12,74
17-08-2022,18,Male,Electronics,1,223,223
04-09-2023,55,Male,Groceries,13,6,78
07-07-2023,55,Female,Beauty,1,32,32
26-02-2022,31,Male,Sports,3,193,578
14-10-2023,64,Female,Sports,1,104,104
25-11-2023,60,Female,Groceries,7,6,42
28-06-2023,54,Male,Sports,3,172,517
16-02-2022,60,Female,Groceries,9,8,68
30-12-2024,41,Male,Groceries,3,6,18
18-10-2023,57,Male,Clothing,4,118,470
07-03-2022,55,Male,Clothing,1,79,79
26-09-2024,64,Female,Clothing,2,50,100
23-06-2023,64,Male,Clothing,2,75,150
18-10-2022,53,Male,Clothing,1,102,102
18-09-2022,21,Male,Groceries,6,13,77
22-06-2022,48,Female,Electronics,1,338,338
09-12-2022,41,Male,Clothing,4,27,109
09-07-2024,27,Male,Beauty,1,11,11
29-02-2024,43,Male,Sports,3,53,158
02-09-2024,19,Female,Beauty,3,44,131
29-05-2022,26,Female,Groceries,5,2,12
01-04-2022,29,Female,Clothing,1,120,120
30-01-2023,39,Male,Beauty,2,55,109
01-09-2022,29,Female,Clothing,1,72,72
12-08-2023,65,Female,Sports,1,27,27
08-09-2024,26,Female,Electronics,1,424,424
30-07-2022,48,Female,Groceries,3,11,33
20-02-2023,46,Male,Sports,2,39,79
28-11-2024,50,Female,Electronics,2,552,1104
15-06-2024,55,Female,Clothing,2,88,176
14-09-2024,28,Female,Sports,2,162,323
19-04-2024,31,Male,Sports,3,51,153
16-11-2022,41,Female,Clothing,2,119,238
29-07-2023,30,Male,Groceries,8,12,98
25-12-2024,64,Male,Sports,2,152,303
10-01-2024,29,Male,Beauty,2,18,36
25-08-2024,57,Female,Clothing,4,54,217
11-10-2024,36,Male,Clothing,2,103,207
11-08-2024,18,Male,Sports,3,167,501
12-07-2024,58,Female,Groceries,7,3,22
13-12-2022,32,Female,Clothing,3,73,218
28-10-2024,28,Female,Beauty,3,33,100
16-04-2022,50,Female,Electronics,2,878,1757
15-08-2024,39,Female,Electronics,3,609,1827
20-02-2022,54,Male,Groceries,9,8,74
01-06-2023,37,Male,Groceries,6,12,69
13-05-2022,49,Female,Electronics,1,418,418
18-11-2023,18,Male,Sports,1,135,135
13-03-2024,54,Female,Sports,3,31,94
10-12-2024,62,Male,Sports,2,190,381
13-12-2022,32,Male,Beauty,2,39,78
27-09-2024,27,Female,Groceries,9,10,94
19-06-2024,25,Female,Groceries,4,7,28
09-10-2023,59,Male,Groceries,3,5,16
10-08-2023,24,Male,Clothing,2,85,170
13-02-2022,31,Male,Clothing,2,97,193
13-03-2022,40,Female,Beauty,1,44,44
16-09-2022,38,Female,Sports,3,133,398
14-12-2024,24,Female,Electronics,1,798,798
25-03-2022,53,Male,Sports,3,79,238
05-03-2024,65,Male,Groceries,11,3,35
30-11-2024,62,Female,Clothing,2,110,221
07-10-2023,51,Male,Electronics,1,1003,1003
13-10-2022,33,Male,Clothing,1,31,31
30-09-2024,60,Male,Beauty,1,49,49
18-04-2023,64,Male,Sports,1,32,32
23-05-2024,32,Male,Beauty,3,36,108
22-07-2024,29,Female,Sports,3,77,231
02-02-2023,25,Female,Beauty,1,56,56
26-01-2023,34,Female,Electronics,2,921,1841
17-01-2024,20,Male,Groceries,15,6,91
11-01-2023,62,Female,Clothing,1,113,113
10-08-2024,40,Male,Clothing,3,116,348
06-09-2023,52,Male,Clothing,4,72,287
29-07-2022,23,Male,Beauty,1,59,59
24-08-2023,55,Male,Sports,3,26,77
25-01-2022,62,Female,Clothing,3,57,171
24-01-2023,34,Female,Beauty,3,27,81
21-02-2022,27,Female,Clothing,3,38,113
31-07-2024,47,Male,Beauty,3,13,39
21-02-2022,52,Male,Electronics,3,676,2028
20-03-2023,55,Female,Groceries,6,10,57
22-04-2023,25,Female,Clothing,1,118,118
04-11-2024,50,Female,Beauty,3,41,123
13-06-2022,26,Female,Groceries,7,4,27
26-04-2023,39,Male,Clothing,4,55,219
25-04-2022,37,Male,Electronics,2,352,703
09-08-2024,40,Male,Electronics,3,440,1319
14-01-2024,22,Female,Clothing,1,96,96
14-10-2024,50,Female,Sports,1,158,158
04-12-2023,35,Male,Groceries,10,10,100
16-03-2022,37,Female,Sports,1,145,145
28-01-2023,56,Male,Electronics,2,1127,2254
17-11-2022,20,Male,Clothing,4,102,406
12-03-2024,31,Male,Sports,2,135,271
24-06-2022,44,Female,Clothing,3,54,162
03-03-2024,20,Female,Groceries,13,7,85
07-02-2022,32,Male,Clothing,4,63,250
22-06-2024,46,Male,Beauty,3,35,104
04-01-2024,29,Male,Sports,2,36,72
08-07-2022,21,Female,Groceries,3,3,10
06-03-2022,31,Male,Clothing,2,118,237
23-06-2024,42,Male,Groceries,15,9,131
30-11-2022,25,Female,Clothing,2,74,148
21-04-2023,50,Female,Electronics,1,1087,1087
03-06-2022,53,Female,Sports,3,70,210
11-02-2022,23,Male,Beauty,2,12,24
03-12-2024,61,Female,Electronics,3,493,1478
13-11-2023,29,Female,Electronics,3,492,1477
10-11-2022,65,Male,Clothing,3,80,239
21-06-2022,52,Female,Electronics,1,1093,1093
10-11-2022,22,Male,Electronics,2,480,961
31-12-2022,45,Female,Clothing,4,56,225
29-08-2024,28,Male,Groceries,3,9,26
25-03-2022,36,Female,Beauty,3,50,151
15-03-2023,21,Female,Electronics,3,1158,3475
03-12-2023,61,Female,Groceries,15,6,93
11-08-2024,59,Male,Sports,3,157,470
09-10-2024,63,Female,Clothing,1,109,109
20-08-2023,48,Male,Clothing,4,23,90
26-01-2024,55,Male,Sports,2,136,272
03-03-2022,59,Male,Electronics,3,1069,3206
11-06-2023,57,Male,Groceries,12,12,149
06-04-2023,65,Female,Groceries,5,5,27
22-10-2024,32,Male,Groceries,15,11,162
04-12-2023,60,Male,Electronics,3,631,1892
11-10-2024,31,Male,Beauty,2,27,54
13-11-2024,32,Male,Clothing,3,88,265
29-06-2022,36,Female,Groceries,14,4,53
25-01-2022,26,Male,Beauty,1,60,60
07-11-2024,37,Female,Clothing,4,112,447
31-12-2022,33,Male,Electronics,1,1139,1139
22-03-2023,37,Male,Groceries,9,3,31
29-07-2024,22,Female,Beauty,1,39,39
30-12-2024,29,Male,Clothing,1,48,48
13-09-2022,54,Male,Electronics,2,1191,2383
30-03-2023,33,Female,Groceries,12,9,104
15-04-2024,61,Female,Beauty,1,27,27
06-09-2022,27,Female,Clothing,4,60,241
12-10-2024,33,Female,Beauty,1,16,16
07-11-2024,45,Female,Clothing,1,59,59
16-05-2024,56,Male,Electronics,3,1125,3376
24-07-2024,64,Female,Beauty,2,55,110
22-04-2024,51,Female,Sports,1,67,67
31-07-2022,43,Female,Groceries,12,15,178
01-11-2024,60,Female,Electronics,1,741,741
06-08-2023,38,Male,Clothing,3,106,318
31-05-2024,40,Female,Beauty,1,33,33
09-07-2024,30,Female,Clothing,2,104,208
04-02-2024,65,Female,Clothing,2,56,111
23-01-2022,34,Female,Electronics,2,417,833
03-01-2022,35,Female,Beauty,1,26,26
18-02-2023,51,Female,Groceries,14,14,201
21-05-2023,39,Female,Electronics,2,892,1783
25-08-2022,33,Male,Groceries,4,9,37
20-02-2024,22,Female,Sports,1,165,165
07-07-2024,54,Female,Groceries,3,14,43
29-07-2022,26,Female,Electronics,2,268,537
18-02-2024,23,Male,Clothing,4,82,330
22-11-2023,60,Male,Groceries,8,8,64
26-04-2023,20,Female,Sports,3,99,297
29-09-2023,28,Male,Clothing,3,58,174
16-08-2023,31,Female,Electronics,1,837,837
15-12-2024,51,Female,Groceries,7,6,43
05-02-2024,30,Female,Sports,2,75,150
16-02-2022,48,Male,Beauty,1,45,45
15-10-2022,23,Male,Electronics,3,337,1011
10-08-2024,59,Female,Beauty,1,55,55
06-11-2024,57,Male,Sports,2,166,332
29-06-2024,37,Female,Sports,3,112,335
20-01-2024,42,Male,Beauty,3,33,100
30-05-2024,57,Male,Sports,1,176,176
14-03-2022,52,Male,Electronics,3,785,2355
02-06-2022,57,Female,Clothing,2,119,237
02-03-2022,54,Female,Groceries,8,13,104
14-10-2023,32,Male,Clothing,4,108,432
18-02-2024,65,Female,Sports,3,139,418
16-07-2024,51,Male,Beauty,3,47,142
20-02-2024,41,Male,Beauty,1,24,24
05-03-2022,18,Female,Groceries,5,4,18
22-12-2023,42,Female,Clothing,3,21,62
10-09-2023,53,Female,Groceries,7,4,25
04-11-2023,57,Male,Electronics,3,448,1343
04-01-2024,44,Male,Groceries,5,3,17
26-08-2024,43,Male,Clothing,2,105,210
04-12-2022,27,Male,Groceries,11,12,131
17-09-2022,64,Female,Clothing,1,91,91
26-03-2023,39,Male,Electronics,2,903,1806
15-08-2023,35,Male,Clothing,4,84,337
27-06-2023,39,Female,Groceries,11,4,44
25-10-2022,58,Male,Clothing,2,77,155
17-04-2022,42,Female,Beauty,2,44,89
03-08-2024,61,Male,Clothing,2,92,184
24-11-2024,60,Female,Groceries,15,2,37
13-09-2022,31,Female,Beauty,3,44,131
08-09-2023,31,Male,Sports,2,134,268
20-10-2024,51,Male,Beauty,1,27,27
28-11-2023,43,Female,Beauty,3,10,31
28-07-2023,41,Male,Sports,3,92,275
22-03-2022,51,Female,Groceries,3,7,20
07-08-2023,49,Female,Electronics,1,723,723
30-12-2023,21,Male,Beauty,3,11,33
07-08-2024,62,Male,Electronics,2,488,976
13-10-2023,28,Male,Electronics,1,725,725
29-12-2022,62,Female,Beauty,1,29,29
23-01-2022,56,Male,Sports,2,129,259
26-12-2023,38,Female,Groceries,12,2,30
24-06-2023,19,Female,Clothing,2,108,215
28-11-2024,52,Male,Beauty,2,48,96
25-09-2023,32,Female,Groceries,15,12,177
25-07-2022,44,Female,Groceries,3,12,36
22-01-2023,35,Female,Groceries,5,6,32
03-07-2022,61,Male,Sports,3,60,181
23-06-2022,45,Male,Sports,2,74,147
04-08-2023,21,Female,Beauty,3,33,98
05-05-2022,41,Male,Beauty,1,57,57
18-09-2024,20,Male,Clothing,4,107,428
11-06-2023,59,Male,Sports,3,178,534
24-08-2023,23,Male,Sports,3,112,335
26-01-2023,20,Male,Sports,1,129,129
24-02-2024,44,Female,Beauty,3,34,101
25-03-2024,22,Male,Sports,1,141,141
07-01-2023,41,Male,Beauty,1,35,35
29-07-2022,24,Male,Beauty,3,16,48
01-12-2023,50,Female,Sports,2,87,174
22-04-2024,60,Female,Electronics,2,696,1392
05-07-2023,31,Female,Clothing,3,109,328
02-11-2022,35,Female,Groceries,15,9,132
12-11-2024,28,Female,Electronics,2,707,1414
03-01-2023,63,Male,Beauty,2,14,28
16-08-2024,31,Female,Sports,1,82,82
20-04-2024,45,Female,Electronics,2,281,562
21-01-2024,40,Male,Clothing,2,97,194
05-03-2024,40,Male,Beauty,2,13,26
30-11-2023,43,Male,Beauty,1,49,49
11-08-2023,51,Female,Groceries,4,14,54
11-12-2023,19,Male,Groceries,15,4,53
24-01-2023,50,Female,Clothing,4,101,405
21-06-2022,25,Female,Electronics,3,978,2934
20-06-2022,36,Male,Beauty,1,43,43
24-05-2023,65,Female,Beauty,3,59,177
04-02-2024,27,Male,Beauty,3,30,91
16-11-2024,23,Female,Sports,3,131,392
04-09-2024,50,Female,Electronics,3,1091,3272
06-02-2023,19,Female,Electronics,1,432,432
17-12-2024,25,Male,Clothing,3,50,149
27-12-2024,48,Male,Clothing,2,47,94
09-09-2024,64,Male,Sports,3,48,143
17-12-2023,31,Female,Sports,1,36,36
05-03-2024,32,Female,Electronics,3,732,2196
09-08-2024,39,Male,Groceries,7,9,61
06-08-2024,36,Male,Beauty,1,21,21
13-07-2022,39,Male,Beauty,2,46,93
28-07-2022,26,Male,Groceries,9,9,78
24-09-2022,57,Female,Groceries,15,11,164
13-01-2022,24,Female,Groceries,14,12,163
23-02-2022,50,Male,Clothing,2,75,150
11-08-2023,38,Female,Beauty,2,42,84
28-02-2024,39,Female,Beauty,3,20,59
27-02-2023,19,Female,Sports,3,192,576
13-01-2023,52,Female,Groceries,8,5,37
19-07-2022,39,Male,Groceries,12,9,113
12-10-2023,48,Male,Beauty,3,25,74
06-01-2024,39,Male,Beauty,2,60,119
28-04-2023,42,Female,Electronics,1,1035,1035
21-03-2024,22,Female,Sports,1,94,94
30-11-2022,40,Male,Electronics,3,1074,3223
28-05-2024,60,Female,Groceries,3,14,42
09-12-2022,40,Female,Electronics,3,545,1634
30-04-2022,42,Female,Electronics,2,1097,2194
09-05-2023,36,Female,Sports,2,198,396
18-01-2022,64,Male,Electronics,2,853,1705
20-08-2022,28,Female,Sports,3,183,550
05-05-2024,49,Male,Clothing,4,47,186
06-08-2022,46,Female,Electronics,3,593,1778
02-05-2023,20,Female,Sports,1,170,170
07-01-2022,48,Female,Sports,3,80,240
20-01-2023,58,Male,Clothing,1,31,31
07-04-2022,56,Female,Sports,1,86,86
02-05-2022,48,Female,Clothing,4,73,294
09-03-2023,64,Male,Electronics,1,871,871
12-07-2022,31,Female,Sports,1,177,177
02-12-2024,18,Male,Sports,1,191,191
03-08-2023,60,Male,Beauty,1,53,53
19-02-2022,57,Male,Sports,2,49,97
26-01-2023,38,Male,Beauty,1,18,18
31-10-2023,42,Male,Sports,2,45,91
22-05-2024,64,Male,Sports,3,184,552
06-08-2023,54,Female,Electronics,3,737,2210
23-05-2022,65,Female,Sports,3,159,478
11-09-2023,49,Male,Sports,2,183,366
21-01-2023,35,Male,Sports,2,113,225
18-09-2024,39,Female,Electronics,3,392,1175
07-08-2023,45,Male,Sports,1,80,80
30-01-2022,58,Male,Groceries,9,3,23
17-03-2024,36,Female,Sports,1,50,50
26-12-2024,54,Female,Groceries,5,3,14
06-05-2024,51,Male,Groceries,15,11,168
09-01-2022,23,Female,Beauty,1,32,32
27-08-2024,45,Female,Sports,3,157,471
03-10-2024,23,Female,Clothing,1,65,65
18-01-2024,34,Male,Electronics,3,255,765
27-04-2024,52,Male,Clothing,2,119,238
20-03-2022,44,Male,Electronics,1,1058,1058
13-05-2023,51,Female,Groceries,10,2,24
16-06-2023,40,Male,Electronics,1,748,748
30-04-2023,53,Female,Groceries,6,4,26
16-07-2022,60,Male,Clothing,4,116,464
28-06-2023,34,Female,Sports,1,38,38
28-03-2022,59,Male,Beauty,1,22,22
04-03-2022,19,Female,Clothing,3,38,113
30-06-2024,38,Male,Beauty,2,45,90
25-01-2022,58,Male,Clothing,2,106,211
12-08-2022,65,Female,Sports,2,116,232
07-02-2023,42,Female,Groceries,4,3,12
20-07-2023,34,Male,Beauty,1,44,44
30-07-2023,52,Male,Beauty,2,49,99
20-07-2022,32,Male,Groceries,15,14,212
07-11-2023,60,Female,Electronics,1,504,504
02-09-2022,43,Male,Electronics,2,945,1891
08-11-2024,52,Female,Beauty,1,26,26
28-10-2023,50,Male,Beauty,1,54,54
27-06-2024,57,Male,Clothing,3,76,229
31-10-2024,22,Male,Beauty,3,31,92
24-07-2022,52,Male,Beauty,1,28,28
06-02-2023,20,Female,Groceries,11,4,43
28-11-2024,31,Male,Clothing,3,55,165
27-10-2023,56,Female,Groceries,13,14,184
19-06-2022,48,Female,Clothing,1,89,89
17-12-2023,49,Female,Clothing,1,104,104
24-02-2022,46,Male,Beauty,3,39,116
14-11-2024,30,Female,Electronics,2,679,1358
21-06-2022,29,Male,Clothing,3,98,294
23-09-2024,37,Male,Sports,1,164,164
19-06-2022,41,Male,Clothing,3,83,249
23-01-2024,39,Female,Sports,3,107,320
15-05-2023,46,Female,Electronics,1,748,748
04-03-2024,46,Male,Clothing,2,48,95
21-05-2022,62,Female,Groceries,15,10,146
01-12-2022,54,Female,Electronics,2,1037,2074
06-09-2024,37,Male,Beauty,1,30,30
02-06-2023,29,Male,Electronics,3,333,998
16-08-2024,26,Male,Sports,1,161,161
14-08-2022,27,Male,Electronics,1,805,805
18-01-2023,56,Male,Sports,3,92,276
15-06-2024,23,Male,Electronics,3,273,818
14-03-2022,23,Male,Clothing,4,96,384
15-11-2022,24,Female,Sports,3,36,109
05-10-2022,25,Female,Sports,2,71,141
10-02-2024,24,Female,Beauty,1,46,46
19-09-2024,59,Female,Beauty,1,41,41
04-02-2022,43,Female,Clothing,1,33,33
02-12-2024,24,Female,Sports,2,141,282
05-12-2024,54,Female,Groceries,14,4,57
15-03-2023,37,Male,Groceries,14,10,144
05-12-2023,49,Female,Groceries,3,4,13
26-07-2022,38,Male,Clothing,1,60,60
21-03-2022,31,Female,Groceries,5,14,69
27-10-2023,48,Female,Clothing,2,111,223
03-12-2022,52,Male,Sports,1,155,155
20-02-2023,60,Female,Clothing,2,108,217
09-01-2024,26,Female,Clothing,3,120,359
02-11-2023,49,Male,Clothing,1,41,41
20-10-2022,42,Female,Beauty,1,22,22
16-11-2024,29,Male,Beauty,1,12,12
26-11-2022,23,Male,Clothing,3,109,326
06-12-2022,58,Female,Groceries,7,7,46
04-02-2022,52,Female,Groceries,15,4,66
20-06-2023,33,Female,Beauty,2,39,78
04-03-2023,23,Female,Clothing,1,66,66
02-05-2023,18,Male,Groceries,9,14,130
01-12-2024,44,Male,Sports,3,187,561
18-05-2024,58,Male,Beauty,3,50,150
22-01-2024,47,Female,Sports,3,195,586
08-09-2023,46,Male,Clothing,4,53,212
05-10-2023,43,Female,Groceries,6,4,21
24-10-2022,53,Female,Clothing,2,39,78
04-05-2023,47,Female,Groceries,11,8,84
04-04-2022,56,Female,Electronics,3,868,2603
28-03-2022,41,Female,Beauty,3,37,111
09-11-2022,21,Female,Sports,3,101,304
25-07-2022,28,Female,Clothing,1,22,22
21-11-2024,23,Female,Groceries,11,15,161
10-03-2024,50,Female,Beauty,2,34,67
14-10-2022,23,Female,Beauty,2,29,59
29-09-2022,53,Female,Electronics,2,620,1239
13-12-2023,45,Female,Groceries,13,3,34
20-11-2023,48,Male,Beauty,2,31,62
18-01-2022,43,Female,Electronics,3,907,2721
25-11-2024,49,Female,Electronics,3,637,1910
21-01-2024,53,Female,Beauty,2,60,119
21-11-2022,24,Male,Sports,2,177,355
20-05-2023,20,Male,Electronics,3,533,1598
10-03-2022,57,Male,Electronics,1,1091,1091
04-02-2022,26,Male,Groceries,3,15,45
08-07-2024,56,Male,Sports,2,192,384
08-11-2022,26,Male,Electronics,2,904,1809
01-03-2023,45,Female,Sports,3,143,429
29-09-2024,36,Male,Groceries,8,7,54
23-02-2023,45,Female,Sports,3,63,189
20-10-2024,34,Female,Electronics,1,309,309
05-12-2024,28,Female,Beauty,3,52,157
23-05-2022,37,Male,Clothing,2,101,203
03-06-2023,23,Male,Beauty,1,22,22
09-05-2023,57,Female,Clothing,4,101,402
28-01-2024,39,Female,Groceries,10,5,47
15-07-2023,45,Male,Sports,1,120,120
04-03-2022,45,Female,Electronics,1,543,543
29-05-2024,44,Male,Beauty,1,14,14
03-10-2022,38,Female,Beauty,3,21,63
22-05-2024,53,Male,Groceries,5,14,68
19-02-2023,18,Female,Beauty,2,43,87
09-04-2024,65,Female,Clothing,1,73,73
27-08-2022,40,Female,Beauty,1,46,46
15-12-2023,23,Female,Groceries,8,5,38
30-08-2023,36,Female,Clothing,1,79,79
14-12-2022,29,Male,Electronics,2,523,1045
03-12-2022,47,Male,Electronics,3,723,2169
02-08-2024,44,Female,Sports,3,94,283
24-11-2023,33,Male,Sports,2,74,148
15-08-2023,24,Male,Beauty,3,30,90
27-04-2023,43,Male,Groceries,13,8,104
22-10-2022,62,Male,Clothing,3,60,181
12-07-2022,44,Female,Beauty,1,55,55
04-06-2023,43,Female,Clothing,4,56,226
27-08-2022,35,Female,Groceries,7,8,57
06-02-2024,45,Male,Electronics,3,710,2130
26-08-2024,45,Male,Groceries,12,14,166
28-11-2022,46,Male,Sports,3,153,459
23-02-2023,34,Female,Electronics,2,440,880
30-12-2022,38,Female,Sports,2,76,151
03-04-2023,36,Male,Clothing,4,74,296
12-09-2024,28,Female,Beauty,2,18,35
31-12-2024,24,Male,Groceries,8,11,90
30-03-2024,25,Female,Sports,3,139,417
04-10-2024,64,Female,Groceries,12,10,123
30-04-2023,30,Male,Electronics,2,574,1148
17-01-2022,22,Male,Sports,2,70,139
19-03-2022,48,Male,Clothing,4,66,262
23-08-2023,53,Male,Electronics,3,1121,3362
06-06-2023,56,Female,Sports,3,137,410
05-06-2022,40,Female,Clothing,2,106,212
05-11-2022,44,Female,Electronics,3,1123,3368
26-02-2023,57,Female,Electronics,2,923,1846
30-12-2024,37,Female,Groceries,5,6,32
09-12-2024,49,Female,Beauty,2,44,88
14-03-2022,53,Female,Groceries,9,11,97
20-09-2023,26,Female,Sports,3,91,272
06-12-2024,48,Male,Electronics,3,924,2773
05-03-2023,32,Male,Electronics,3,718,2153
29-10-2023,27,Female,Clothing,4,81,323
04-07-2022,49,Male,Electronics,1,599,599
24-01-2024,53,Male,Sports,3,190,570
27-10-2024,62,Female,Clothing,3,50,150
12-02-2022,24,Female,Groceries,4,10,42
24-08-2022,60,Female,Clothing,1,22,22
28-10-2023,18,Male,Electronics,2,555,1110
01-05-2022,45,Female,Sports,1,196,196
23-06-2023,40,Female,Electronics,2,1110,2219
12-11-2024,42,Female,Sports,2,99,198
08-08-2024,48,Male,Electronics,2,883,1766
27-12-2022,57,Male,Beauty,1,12,12
21-01-2022,52,Male,Clothing,3,70,209
01-05-2023,62,Male,Electronics,2,360,720
29-03-2022,42,Female,Electronics,2,796,1593
16-11-2022,57,Male,Groceries,6,10,58
08-02-2024,35,Male,Beauty,3,47,141
05-07-2022,55,Male,Clothing,4,67,267
07-12-2024,33,Male,Electronics,2,727,1455
12-09-2023,42,Female,Sports,2,173,347
28-12-2024,36,Male,Clothing,3,80,239
16-01-2022,50,Female,Beauty,2,37,74
01-01-2022,53,Male,Groceries,5,9,46
25-02-2024,28,Male,Groceries,8,10,79
19-03-2023,28,Female,Clothing,4,37,149
07-08-2023,33,Male,Clothing,1,64,64
17-03-2022,28,Female,Groceries,7,6,39
28-09-2024,65,Female,Electronics,1,971,971
29-05-2024,46,Male,Groceries,4,9,35
18-06-2022,42,Male,Beauty,1,60,60
07-11-2024,50,Female,Sports,2,43,86
15-01-2022,26,Female,Groceries,15,13,191
15-03-2024,37,Male,Electronics,2,948,1896
23-03-2024,46,Male,Groceries,15,3,43
10-11-2022,34,Female,Clothing,3,42,126
15-11-2023,23,Male,Electronics,3,400,1200
23-11-2024,39,Male,Sports,2,103,207
02-11-2022,21,Female,Beauty,3,45,134
14-11-2022,50,Male,Groceries,6,13,78
16-06-2023,64,Female,Groceries,14,13,179
24-07-2023,32,Male,Clothing,3,78,233
11-05-2023,44,Female,Sports,2,139,278
06-10-2024,50,Female,Beauty,2,38,75
17-02-2024,62,Female,Beauty,1,31,31
17-04-2023,64,Female,Clothing,3,111,333
26-01-2022,53,Female,Electronics,1,536,536
15-06-2023,52,Female,Clothing,4,96,385
18-05-2024,43,Female,Groceries,15,10,155
11-03-2023,59,Male,Sports,2,120,240
21-04-2023,18,Female,Sports,3,183,550
08-09-2023,49,Female,Sports,3,54,162
14-03-2023,19,Male,Beauty,2,51,101
10-11-2022,38,Female,Groceries,12,9,108
15-08-2024,60,Female,Sports,3,39,117
16-08-2024,28,Male,Beauty,1,11,11
08-11-2023,39,Female,Beauty,1,32,32
01-06-2022,33,Male,Electronics,3,1142,3425
29-03-2024,39,Male,Groceries,6,10,63
16-06-2023,49,Male,Beauty,3,22,65
27-12-2022,57,Female,Beauty,3,56,167
01-09-2022,33,Female,Clothing,1,46,46
24-10-2024,34,Male,Electronics,1,761,761
30-11-2023,29,Female,Clothing,1,90,90
28-02-2023,40,Female,Beauty,2,47,93
03-12-2022,28,Male,Groceries,11,5,58
08-10-2022,50,Male,Groceries,15,7,103
14-05-2022,63,Male,Groceries,15,5,72
26-11-2022,45,Female,Groceries,13,11,143
03-11-2022,38,Female,Electronics,2,277,555
10-05-2023,27,Female,Sports,3,161,482
09-07-2022,31,Male,Clothing,2,33,66
07-11-2022,20,Female,Sports,1,195,195
31-12-2022,33,Male,Electronics,1,254,254
28-12-2023,61,Female,Beauty,2,55,111
31-07-2024,64,Male,Electronics,1,499,499
13-02-2022,61,Male,Clothing,4,84,337
09-12-2024,64,Female,Groceries,10,4,44
21-10-2022,32,Female,Beauty,3,19,56
25-02-2024,60,Female,Clothing,3,102,306
29-10-2022,43,Male,Beauty,2,29,58
02-11-2024,57,Female,Beauty,1,58,58
18-05-2023,40,Male,Groceries,13,11,140
19-08-2023,38,Male,Beauty,3,37,112
11-06-2024,51,Male,Sports,3,199,598
03-04-2024,56,Male,Sports,2,125,250
12-12-2024,31,Female,Clothing,4,90,359
20-08-2022,29,Female,Clothing,4,100,401
16-06-2024,43,Male,Groceries,4,7,27
20-11-2023,56,Female,Sports,3,54,163
04-06-2023,45,Female,Clothing,1,109,109
14-02-2024,54,Female,Clothing,4,53,211
10-10-2022,41,Male,Electronics,2,797,1595
17-02-2022,49,Female,Beauty,2,47,95
11-06-2022,21,Male,Beauty,1,57,57
09-02-2022,36,Female,Sports,2,34,68
23-06-2023,30,Male,Electronics,3,1115,3345
22-12-2022,27,Male,Sports,1,143,143
23-01-2022,48,Male,Groceries,3,12,35
29-11-2024,21,Female,Beauty,3,54,163
05-07-2024,39,Male,Clothing,4,36,144
21-10-2022,33,Female,Sports,3,78,235
26-04-2024,26,Female,Clothing,3,71,212
09-10-2022,61,Female,Sports,2,185,370
25-11-2024,57,Female,Groceries,4,7,27
27-07-2023,18,Female,Sports,2,127,255
21-04-2022,53,Female,Groceries,12,9,108
07-06-2023,47,Female,Beauty,1,34,34
07-03-2022,61,Female,Clothing,2,78,157
12-10-2022,54,Female,Clothing,1,84,84
11-01-2024,35,Female,Sports,2,47,94
28-07-2023,42,Female,Clothing,2,40,80
06-02-2022,33,Female,Electronics,1,784,784
30-06-2023,39,Male,Groceries,5,15,73
08-03-2022,53,Female,Groceries,13,7,94
22-10-2022,50,Male,Groceries,8,6,51
20-03-2023,18,Female,Groceries,15,3,46
20-08-2023,27,Male,Clothing,4,76,304
22-12-2022,33,Female,Groceries,5,9,47
03-01-2022,26,Male,Electronics,2,509,1018
24-07-2023,58,Male,Electronics,1,1082,1082
21-03-2023,21,Male,Sports,2,31,63
14-05-2022,26,Female,Electronics,3,625,1876
30-04-2022,53,Female,Sports,2,132,264
23-11-2022,47,Male,Beauty,3,38,114
28-02-2024,50,Female,Beauty,3,17,51
08-06-2024,38,Female,Electronics,3,294,883
12-10-2023,42,Female,Clothing,3,87,262
22-07-2022,20,Male,Groceries,10,6,55
16-12-2023,30,Male,Electronics,1,358,358
21-10-2024,20,Male,Clothing,3,62,186
27-11-2024,25,Male,Beauty,2,49,98
29-06-2022,26,Female,Beauty,2,16,31
21-10-2022,33,Female,Beauty,3,33,98
05-07-2023,40,Male,Electronics,3,596,1787
29-04-2024,42,Male,Sports,3,136,409
13-09-2023,52,Male,Electronics,2,807,1615
16-09-2024,47,Female,Beauty,3,35,106
18-03-2023,34,Female,Electronics,1,1099,1099
13-08-2024,49,Male,Groceries,11,5,52
31-01-2023,27,Female,Groceries,3,13,39
14-08-2022,33,Male,Clothing,2,60,121
04-08-2022,38,Female,Sports,3,99,297
18-10-2024,63,Male,Beauty,2,23,46
26-12-2023,41,Male,Groceries,13,6,79
30-07-2022,30,Male,Electronics,1,1124,1124
06-10-2023,28,Male,Sports,3,32,96
12-09-2024,37,Male,Electronics,3,284,852
26-09-2024,44,Male,Clothing,1,65,65
10-07-2022,22,Male,Groceries,15,4,67
09-05-2022,38,Female,Electronics,1,862,862
12-07-2024,42,Male,Sports,3,148,444
02-12-2023,25,Male,Groceries,9,7,64
19-12-2022,55,Male,Groceries,9,11,103
14-09-2022,28,Female,Clothing,4,99,397
18-05-2023,65,Female,Electronics,1,983,983
07-02-2024,38,Male,Groceries,10,5,48
13-04-2022,20,Female,Clothing,1,100,100
23-01-2024,53,Female,Clothing,3,31,94
11-06-2023,21,Male,Electronics,2,794,1587
24-08-2022,65,Male,Beauty,2,19,39
27-03-2023,35,Female,Sports,1,142,142
17-09-2022,63,Female,Sports,1,116,116
02-01-2024,30,Female,Clothing,2,55,110
07-05-2022,56,Female,Sports,1,57,57
04-07-2022,50,Female,Sports,2,51,102
26-02-2024,50,Male,Beauty,3,40,119
16-07-2022,57,Female,Clothing,2,97,194
17-05-2023,25,Female,Clothing,2,94,187
03-06-2022,56,Male,Sports,1,151,151
29-09-2024,28,Female,Beauty,2,37,74
16-09-2023,52,Female,Electronics,1,475,475
27-03-2024,54,Female,Beauty,2,52,103
14-01-2022,34,Female,Sports,2,136,273
04-08-2024,56,Male,Clothing,4,96,382
07-05-2023,62,Female,Electronics,1,1007,1007
16-01-2023,35,Female,Beauty,3,36,107
14-05-2022,47,Female,Sports,1,129,129
13-09-2022,28,Male,Sports,2,38,75
29-03-2022,40,Male,Clothing,4,94,377
04-10-2024,46,Female,Sports,3,31,94
20-08-2022,51,Male,Beauty,3,49,146
02-05-2023,47,Male,Sports,1,82,82
10-02-2024,35,Female,Sports,3,192,576
28-12-2023,27,Female,Clothing,3,107,321
19-12-2024,43,Male,Groceries,9,5,47
23-02-2024,33,Female,Clothing,1,44,44
04-10-2024,46,Female,Beauty,2,32,63
18-09-2024,62,Male,Electronics,1,351,351
31-10-2024,36,Male,Electronics,2,748,1495
22-04-2023,26,Female,Clothing,3,104,311
18-04-2023,65,Male,Sports,3,52,156
17-03-2024,36,Male,Groceries,14,14,190
23-06-2022,32,Female,Beauty,3,16,48
30-01-2024,45,Female,Groceries,14,11,151
01-10-2023,61,Male,Beauty,3,33,100
14-12-2023,41,Male,Groceries,7,8,53
19-05-2022,41,Female,Groceries,3,11,33
24-09-2022,52,Male,Clothing,4,54,217
22-12-2023,41,Male,Groceries,6,10,62
17-07-2024,29,Male,Beauty,3,47,140
27-06-2023,25,Female,Beauty,2,29,57
21-02-2022,64,Female,Electronics,1,1187,1187
16-11-2024,31,Female,Clothing,3,114,343
22-03-2024,42,Female,Electronics,3,385,1156
22-02-2024,34,Female,Groceries,3,8,25
30-06-2024,44,Female,Beauty,1,52,52
01-12-2023,34,Male,Beauty,1,23,23
05-10-2022,61,Male,Electronics,1,819,819
07-07-2024,25,Male,Groceries,12,11,129
06-03-2022,22,Female,Sports,1,115,115
23-06-2024,52,Male,Groceries,6,3,20
11-07-2023,39,Female,Electronics,2,528,1057
29-04-2024,19,Male,Electronics,1,860,860
18-03-2023,48,Female,Sports,2,176,351
02-12-2022,59,Female,Clothing,4,61,246
31-12-2023,31,Male,Beauty,1,46,46
07-03-2023,63,Female,Clothing,1,79,79
29-05-2024,30,Male,Sports,3,151,452
17-11-2022,44,Male,Beauty,1,25,25
05-04-2023,30,Male,Groceries,11,12,137
10-11-2022,26,Female,Beauty,3,23,69
10-01-2023,36,Female,Beauty,3,45,135
15-05-2022,46,Female,Groceries,12,14,163
05-02-2024,47,Female,Groceries,14,8,116
11-09-2024,41,Male,Clothing,4,106,425
24-12-2022,47,Female,Clothing,3,58,174
23-07-2024,30,Female,Electronics,3,208,624
15-01-2024,38,Male,Beauty,3,53,160
13-02-2023,37,Female,Electronics,3,522,1565
28-09-2024,51,Female,Sports,1,60,60
16-09-2023,41,Female,Groceries,5,4,20
21-11-2024,46,Male,Groceries,8,9,70
14-07-2024,33,Male,Sports,1,46,46
23-12-2024,50,Female,Clothing,4,44,178
10-06-2023,49,Male,Groceries,6,3,19
07-04-2023,21,Female,Sports,2,145,290
10-03-2023,40,Female,Electronics,3,586,1758
08-06-2024,55,Female,Beauty,1,32,32
23-03-2023,18,Male,Clothing,3,46,137
01-03-2022,55,Male,Groceries,7,11,79
28-10-2022,62,Female,Sports,3,182,546
26-02-2022,26,Male,Beauty,2,35,71
06-07-2022,29,Female,Clothing,3,46,137
19-08-2022,24,Male,Electronics,1,507,507
15-07-2024,28,Female,Clothing,1,86,86
18-02-2024,28,Male,Groceries,10,8,78
01-04-2023,37,Male,Electronics,3,740,2220
08-12-2024,53,Female,Clothing,4,95,381
05-03-2023,36,Male,Clothing,4,44,175
17-01-2023,19,Female,Electronics,3,912,2736
08-07-2024,48,Male,Sports,1,188,188
21-01-2023,34,Male,Clothing,4,80,321
09-11-2023,41,Male,Groceries,13,4,47
08-11-2024,45,Male,Sports,2,116,231
12-03-2023,56,Female,Beauty,3,53,160
28-09-2022,41,Female,Groceries,5,12,59
29-02-2024,27,Male,Electronics,3,664,1993
11-10-2022,57,Male,Electronics,1,640,640
13-03-2022,18,Female,Clothing,4,60,238
01-10-2024,54,Female,Electronics,3,529,1588
11-06-2023,29,Male,Groceries,12,5,55
08-02-2023,59,Male,Sports,1,78,78
01-12-2024,38,Male,Groceries,7,7,50
16-08-2022,25,Male,Sports,1,38,38
13-03-2022,54,Male,Electronics,2,1021,2042
15-05-2023,29,Female,Clothing,4,103,414
15-05-2023,44,Female,Electronics,3,861,2582
25-08-2023,58,Male,Beauty,2,27,54
06-09-2024,60,Female,Sports,2,56,113
08-02-2022,62,Male,Clothing,1,38,38
18-08-2022,18,Male,Clothing,4,88,353
03-06-2022,23,Female,Electronics,3,542,1625
29-03-2022,31,Male,Electronics,1,719,719
31-10-2024,51,Female,Clothing,4,104,416
15-01-2023,44,Female,Electronics,1,1193,1193
04-09-2023,31,Male,Clothing,4,45,180
26-12-2023,61,Female,Electronics,1,301,301
12-10-2024,22,Female,Sports,2,73,146
02-06-2022,23,Female,Sports,2,73,146
18-12-2023,40,Female,Electronics,1,661,661
17-02-2023,62,Female,Sports,2,46,93
31-03-2024,60,Male,Beauty,2,27,54
26-05-2024,59,Male,Beauty,2,17,35
09-05-2023,62,Female,Beauty,1,18,18
24-09-2022,27,Female,Clothing,2,91,182
09-09-2022,53,Female,Sports,2,133,265
25-06-2024,60,Male,Clothing,4,81,325
24-11-2023,28,Male,Sports,1,29,29
11-01-2022,56,Male,Electronics,2,553,1107
25-07-2023,47,Male,Electronics,3,377,1132
24-12-2022,61,Female,Electronics,2,802,1605
30-01-2023,26,Female,Electronics,2,647,1294
02-03-2023,45,Male,Groceries,8,11,86
13-09-2024,60,Female,Electronics,3,1134,3403
11-10-2022,61,Female,Groceries,11,9,95
16-05-2024,24,Female,Groceries,14,9,130
06-08-2022,28,Male,Clothing,2,74,147
13-04-2024,18,Male,Beauty,2,40,81
25-02-2022,34,Female,Clothing,1,101,101
09-08-2023,32,Male,Clothing,4,59,236
28-10-2022,22,Male,Beauty,3,10,31
04-07-2023,19,Female,Electronics,2,390,780
01-08-2022,53,Female,Sports,1,147,147
28-09-2024,61,Male,Clothing,1,39,39
11-07-2022,47,Male,Electronics,2,431,861
26-06-2023,29,Female,Electronics,1,1051,1051
31-07-2022,31,Male,Beauty,2,54,108
14-07-2022,37,Male,Electronics,3,975,2924
19-10-2023,29,Female,Beauty,2,38,76
04-11-2022,20,Female,Clothing,1,62,62
12-10-2023,37,Female,Sports,3,196,589
14-12-2024,52,Male,Groceries,7,11,80
02-10-2024,27,Female,Groceries,9,8,76
05-11-2023,18,Male,Groceries,3,13,40
17-09-2022,46,Female,Clothing,2,39,77
15-01-2023,45,Male,Clothing,3,23,69
09-06-2022,48,Female,Beauty,3,55,164
27-11-2023,47,Female,Sports,3,53,159
20-11-2024,38,Male,Groceries,13,14,183
05-08-2023,64,Male,Electronics,3,739,2217
03-05-2022,31,Male,Beauty,1,25,25
04-05-2022,60,Female,Beauty,2,22,45
19-02-2024,38,Male,Clothing,4,81,325
14-09-2022,36,Female,Sports,1,106,106
08-07-2022,43,Male,Groceries,6,2,12
23-09-2023,55,Male,Clothing,4,83,334
25-05-2023,57,Male,Electronics,3,555,1664
27-09-2024,31,Male,Groceries,10,11,108
10-06-2024,58,Female,Clothing,1,104,104
29-12-2024,49,Male,Beauty,3,56,168
08-10-2022,23,Male,Beauty,2,25,49
03-07-2024,49,Female,Sports,3,113,340
29-03-2023,43,Female,Beauty,1,57,57
04-06-2022,20,Female,Electronics,3,1171,3513
01-06-2024,63,Female,Clothing,4,63,251
02-11-2024,57,Male,Beauty,1,26,26
31-05-2023,33,Female,Groceries,6,15,90
05-09-2023,55,Female,Clothing,4,102,408
19-07-2023,37,Male,Beauty,3,33,98
12-01-2022,64,Male,Beauty,1,16,16
07-03-2023,35,Female,Groceries,8,11,84
28-01-2024,24,Male,Electronics,1,900,900
21-07-2024,64,Male,Beauty,2,15,29
25-03-2024,56,Male,Clothing,2,56,111
02-12-2024,54,Female,Groceries,15,2,36
08-08-2023,51,Female,Groceries,13,7,95
24-02-2023,55,Female,Groceries,14,3,44
18-11-2022,35,Male,Sports,1,29,29
31-07-2024,31,Male,Sports,2,98,195
30-03-2022,60,Female,Electronics,1,1172,1172
13-02-2023,39,Male,Clothing,2,24,48
11-07-2024,51,Male,Groceries,5,4,20
18-03-2022,36,Female,Sports,1,74,74
07-07-2023,27,Female,Sports,2,176,351
22-08-2022,65,Female,Electronics,3,577,1732
06-09-2022,27,Male,Electronics,1,223,223
11-08-2024,38,Male,Beauty,2,12,24
06-04-2024,41,Male,Electronics,1,1000,1000
28-01-2023,59,Male,Electronics,2,695,1391
10-10-2023,50,Female,Groceries,9,3,23
16-03-2023,60,Female,Sports,3,189,568
04-01-2022,28,Male,Clothing,1,108,108
10-08-2024,31,Female,Beauty,2,26,52
06-12-2023,63,Female,Clothing,1,85,85
14-09-2024,32,Male,Groceries,10,8,76
27-04-2024,65,Male,Electronics,3,277,830
12-02-2022,26,Female,Beauty,2,16,32
27-02-2023,18,Male,Sports,2,100,201
05-05-2022,34,Female,Sports,3,195,584
20-06-2023,35,Female,Groceries,14,4,50
10-12-2024,23,Male,Groceries,6,6,38
19-11-2022,31,Male,Beauty,3,36,108
27-10-2022,43,Female,Clothing,4,88,351
07-02-2024,63,Female,Clothing,4,47,189
24-08-2022,40,Female,Electronics,1,224,224
18-02-2022,38,Female,Beauty,2,28,56
07-09-2024,46,Male,Sports,1,120,120
17-07-2022,56,Male,Groceries,11,10,113
23-07-2023,32,Male,Groceries,11,11,119
19-08-2024,53,Female,Sports,2,154,308
10-08-2024,61,Female,Clothing,1,90,90
29-10-2023,20,Male,Sports,3,29,88
28-12-2023,44,Male,Sports,1,139,139
04-03-2022,58,Female,Sports,1,29,29
20-01-2022,44,Female,Groceries,3,3,10
28-05-2023,34,Male,Clothing,1,84,84
23-08-2024,62,Male,Beauty,3,45,136
28-03-2023,45,Male,Beauty,1,50,50
04-12-2024,50,Female,Electronics,2,204,408
12-03-2024,34,Male,Clothing,4,93,373
20-07-2022,63,Male,Electronics,3,622,1867
30-10-2024,26,Male,Clothing,2,79,159
21-12-2023,39,Male,Electronics,1,560,560
28-03-2023,45,Female,Groceries,8,9,70
16-05-2023,45,Male,Groceries,12,4,46
01-04-2024,18,Female,Sports,2,101,202
30-08-2023,43,Female,Groceries,11,5,55
28-09-2022,62,Male,Groceries,9,14,128
10-11-2023,43,Female,Groceries,3,4,13
16-03-2023,35,Female,Clothing,1,38,38
08-06-2022,20,Male,Sports,1,117,117
01-02-2023,28,Female,Electronics,1,695,695
22-06-2024,23,Female,Groceries,12,6,66
10-09-2023,45,Female,Groceries,7,6,43
28-07-2024,18,Male,Beauty,2,39,78
20-10-2024,37,Male,Clothing,4,25,98
12-03-2023,61,Female,Clothing,3,45,135
09-05-2023,58,Female,Electronics,1,1172,1172
08-02-2024,31,Female,Beauty,3,14,42
03-08-2024,58,Male,Clothing,3,69,208
03-12-2024,60,Female,Groceries,13,13,169
17-09-2022,26,Male,Beauty,3,59,176
19-12-2022,43,Male,Clothing,3,105,315
20-10-2023,32,Female,Clothing,3,33,100
27-02-2024,34,Female,Clothing,4,82,327
12-07-2023,23,Male,Beauty,2,45,90
17-09-2022,26,Male,Beauty,1,30,30
21-01-2023,58,Female,Clothing,1,72,72
03-10-2022,65,Female,Beauty,2,51,101
10-04-2024,32,Female,Beauty,2,55,110
18-04-2022,38,Female,Clothing,2,100,200
13-03-2023,55,Male,Clothing,1,61,61
16-07-2024,42,Male,Beauty,2,46,91
20-08-2023,63,Male,Electronics,3,917,2751
20-01-2022,47,Female,Sports,3,115,344
22-10-2022,34,Male,Beauty,1,31,31
15-08-2022,30,Female,Sports,1,192,192
13-06-2024,27,Female,Clothing,3,46,139
08-03-2022,40,Female,Beauty,2,46,92
15-06-2023,27,Female,Clothing,4,94,376
22-02-2023,44,Female,Clothing,3,118,355
25-02-2022,25,Male,Sports,2,101,202
02-02-2024,28,Male,Groceries,9,9,82
10-03-2023,42,Female,Clothing,3,76,229
13-03-2023,61,Male,Sports,3,165,494
02-05-2024,31,Female,Clothing,3,38,113
31-12-2022,36,Female,Groceries,6,11,68
07-02-2022,36,Male,Groceries,7,11,78
19-03-2023,42,Male,Electronics,2,471,942
20-01-2022,39,Male,Electronics,1,924,924
12-03-2022,60,Female,Clothing,2,98,195
24-12-2023,42,Female,Beauty,2,47,94
07-01-2022,51,Male,Groceries,6,11,64
30-10-2022,58,Male,Beauty,1,44,44
01-07-2022,55,Female,Clothing,3,34,103
21-11-2024,32,Female,Electronics,3,306,919
19-05-2022,25,Male,Sports,2,158,317
22-09-2024,39,Female,Electronics,1,315,315
03-06-2022,19,Male,Electronics,2,1107,2215
04-02-2022,39,Male,Beauty,2,39,78
09-11-2022,24,Male,Groceries,12,6,73
04-02-2023,52,Male,Sports,3,74,223
23-04-2022,21,Female,Groceries,12,3,37
22-03-2024,55,Male,Groceries,7,9,65
09-11-2024,47,Female,Groceries,13,15,193
13-03-2022,42,Male,Electronics,2,817,1635
10-10-2024,25,Female,Beauty,3,31,93
09-09-2022,20,Male,Electronics,2,1014,2028
27-06-2024,18,Male,Groceries,15,14,212
23-09-2022,58,Female,Beauty,2,54,108
12-04-2022,35,Female,Clothing,3,24,71
09-07-2024,23,Male,Electronics,3,1094,3281
13-11-2024,50,Male,Groceries,6,2,14
12-09-2023,54,Male,Electronics,1,893,893
31-03-2024,25,Male,Electronics,2,615,1230
27-07-2022,28,Female,Beauty,3,14,43
22-09-2024,30,Female,Electronics,1,427,427
10-01-2022,60,Female,Electronics,2,234,468
18-07-2023,24,Male,Sports,2,66,132
01-04-2024,47,Female,Sports,3,110,329
09-05-2022,24,Male,Sports,3,72,215
02-12-2023,65,Female,Sports,2,152,304
04-07-2023,21,Male,Beauty,1,59,59
05-10-2023,18,Female,Clothing,3,74,221
08-10-2023,32,Male,Groceries,15,7,104
07-02-2022,18,Male,Beauty,3,35,104
07-09-2023,22,Female,Electronics,2,525,1051
27-02-2023,57,Male,Beauty,1,52,52
01-03-2023,62,Male,Clothing,2,46,91
23-12-2022,52,Female,Clothing,3,27,80
07-05-2022,23,Male,Electronics,3,1123,3370
03-10-2022,35,Female,Sports,3,106,319
18-09-2023,30,Male,Groceries,10,6,57
22-07-2023,18,Female,Beauty,3,60,180
15-09-2024,20,Female,Sports,2,191,382
07-07-2022,59,Male,Beauty,2,32,64
20-09-2024,63,Female,Electronics,3,655,1964
30-10-2022,48,Female,Beauty,1,39,39
08-06-2022,42,Female,Electronics,1,757,757
22-01-2023,50,Female,Beauty,2,13,27
09-07-2022,60,Male,Groceries,8,5,37
17-04-2023,24,Male,Clothing,3,91,274
12-10-2023,57,Male,Groceries,4,6,23
01-07-2023,33,Female,Sports,1,26,26
18-04-2023,65,Female,Clothing,3,82,245
17-11-2024,22,Male,Groceries,9,4,36
24-01-2022,53,Male,Beauty,2,50,100
22-07-2024,24,Male,Clothing,2,42,85
27-07-2024,43,Male,Clothing,3,93,278
30-03-2024,44,Female,Clothing,3,39,118
06-02-2023,20,Male,Electronics,2,413,825
21-11-2022,18,Male,Electronics,1,520,520
13-01-2023,57,Male,Clothing,3,70,210
16-02-2024,30,Female,Beauty,1,33,33
23-07-2023,47,Female,Groceries,5,11,53
09-02-2023,62,Male,Clothing,2,45,89
25-08-2022,34,Female,Beauty,2,47,93
13-03-2024,65,Female,Clothing,4,68,270
28-10-2023,64,Female,Sports,1,73,73
12-06-2024,34,Male,Sports,1,131,131
04-06-2023,39,Male,Sports,1,173,173
26-07-2024,42,Male,Beauty,3,19,57
03-02-2022,61,Male,Beauty,1,53,53
26-03-2024,20,Female,Electronics,3,1117,3350
15-08-2024,30,Female,Beauty,1,19,19
15-04-2024,58,Male,Beauty,1,42,42
12-12-2024,22,Male,Sports,2,191,382
22-01-2024,29,Female,Groceries,7,9,65
03-07-2023,29,Female,Clothing,2,110,220
02-10-2024,56,Male,Beauty,1,29,29
19-11-2023,60,Female,Beauty,1,42,42
07-03-2024,48,Female,Sports,3,67,202
17-05-2023,28,Female,Electronics,3,254,762
22-04-2024,26,Female,Sports,1,61,61
07-10-2024,49,Male,Beauty,2,47,94
14-08-2022,23,Male,Electronics,2,390,780
04-09-2024,49,Female,Groceries,14,9,126
16-12-2023,18,Male,Groceries,9,11,98
03-03-2022,54,Male,Sports,2,140,281
18-08-2023,36,Female,Sports,3,161,484
08-12-2023,20,Female,Beauty,3,31,94
20-11-2024,48,Female,Beauty,3,28,85
24-11-2023,37,Female,Electronics,3,843,2529
22-01-2023,54,Male,Beauty,3,52,157
14-07-2022,61,Female,Beauty,3,52,156
18-11-2024,61,Female,Groceries,5,14,69
23-07-2022,43,Female,Clothing,3,32,97
11-05-2023,37,Female,Groceries,4,5,18
14-06-2024,21,Male,Beauty,2,20,40
12-07-2023,38,Female,Clothing,3,68,204
30-12-2023,25,Male,Electronics,1,747,747
18-10-2023,59,Male,Clothing,3,43,129
06-11-2022,58,Male,Electronics,3,602,1807
03-03-2022,28,Male,Groceries,8,7,59
30-07-2024,55,Male,Electronics,1,1019,1019
06-01-2024,24,Male,Clothing,2,28,56
11-04-2022,26,Male,Clothing,3,53,160
25-09-2024,22,Female,Beauty,2,19,37
14-04-2022,29,Male,Electronics,2,1185,2371
17-05-2022,39,Female,Sports,3,163,489
17-06-2022,33,Male,Clothing,2,118,237
29-11-2024,57,Female,Clothing,1,105,105
03-03-2023,58,Female,Beauty,1,10,10
30-07-2022,34,Female,Sports,2,126,252
30-06-2023,64,Female,Beauty,1,35,35
09-02-2023,19,Female,Sports,2,92,183
28-11-2024,53,Male,Groceries,7,8,54
02-10-2022,46,Female,Groceries,3,6,19
21-07-2024,53,Female,Beauty,1,49,49
21-07-2024,25,Female,Clothing,2,74,149
23-07-2023,43,Male,Beauty,2,44,88
20-11-2024,43,Male,Clothing,1,36,36
04-11-2023,58,Female,Sports,3,66,198
25-08-2023,53,Male,Beauty,2,32,65
30-03-2022,63,Male,Clothing,3,55,164
26-11-2023,30,Female,Clothing,4,44,176
06-05-2024,39,Male,Clothing,3,108,324
10-11-2024,39,Female,Electronics,2,305,610
12-09-2022,53,Female,Sports,2,158,315
30-04-2022,20,Male,Clothing,4,101,403
12-10-2023,28,Female,Groceries,7,6,43
10-10-2023,28,Male,Groceries,11,6,68
27-11-2024,34,Male,Electronics,1,434,434
22-01-2023,65,Female,Electronics,2,204,408
16-01-2023,18,Male,Groceries,13,10,124
16-01-2024,21,Male,Electronics,2,741,1482
03-12-2023,29,Female,Clothing,4,46,185
13-06-2024,29,Male,Beauty,2,46,91
12-04-2023,28,Male,Clothing,4,102,409
29-08-2023,63,Female,Sports,3,47,141
05-02-2023,26,Male,Beauty,1,15,15
18-11-2023,45,Female,Clothing,3,22,67
27-12-2022,33,Male,Clothing,1,77,77
19-10-2024,22,Male,Clothing,1,59,59
07-09-2022,31,Female,Beauty,2,47,93
18-08-2022,54,Male,Sports,1,161,161
17-01-2024,26,Female,Electronics,3,994,2983
11-01-2024,49,Female,Electronics,3,1088,3264
26-07-2024,61,Female,Groceries,4,8,30
02-08-2023,51,Male,Sports,1,178,178
14-03-2022,61,Male,Beauty,2,56,112
01-08-2024,41,Female,Groceries,6,6,37
12-03-2022,57,Female,Electronics,2,612,1225
14-01-2024,53,Female,Electronics,3,1091,3272
10-05-2022,29,Male,Clothing,4,108,430
27-12-2022,60,Female,Groceries,12,9,114
05-12-2023,34,Male,Electronics,2,292,585
25-07-2022,36,Male,Clothing,4,64,255
16-09-2024,44,Female,Beauty,2,56,112
29-12-2023,63,Female,Groceries,5,3,15
20-10-2024,54,Male,Beauty,3,53,159
01-11-2024,30,Male,Electronics,3,893,2678
30-04-2022,28,Male,Clothing,3,95,286
23-11-2022,48,Female,Groceries,11,5,52
06-08-2023,59,Male,Groceries,11,8,83
03-04-2024,38,Male,Beauty,1,38,38
26-05-2023,50,Male,Clothing,3,105,314
11-09-2022,49,Female,Clothing,1,35,35
06-04-2022,24,Male,Beauty,3,56,167
25-11-2023,32,Male,Groceries,5,9,44
18-04-2024,54,Male,Beauty,3,46,138
02-07-2023,42,Female,Beauty,1,42,42
02-03-2022,44,Male,Groceries,7,3,21
25-04-2022,52,Female,Clothing,2,107,214
23-12-2024,21,Female,Electronics,3,971,2912
23-09-2023,30,Male,Clothing,3,118,353
07-03-2024,37,Female,Electronics,1,379,379
05-01-2023,60,Female,Beauty,2,39,77
09-08-2024,20,Female,Beauty,1,28,28
26-07-2023,59,Female,Beauty,2,38,76
17-10-2023,44,Female,Groceries,15,8,124
09-02-2024,65,Male,Beauty,3,42,126
09-05-2022,56,Female,Beauty,2,36,73
09-12-2024,43,Female,Beauty,1,41,41
09-09-2023,62,Female,Groceries,13,5,65
25-09-2022,30,Male,Clothing,3,113,338
10-05-2022,43,Female,Beauty,3,14,41
09-07-2022,19,Female,Sports,2,81,162
20-04-2024,65,Male,Sports,1,168,168
17-01-2022,18,Male,Beauty,3,50,151
09-07-2022,43,Male,Beauty,3,44,133
30-12-2024,56,Male,Groceries,13,6,74
27-10-2022,31,Male,Beauty,3,19,57
29-10-2023,48,Female,Clothing,3,91,274
09-07-2023,21,Male,Groceries,4,6,25
15-12-2022,31,Female,Electronics,2,537,1075
15-06-2023,51,Male,Clothing,1,103,103
19-03-2022,35,Female,Clothing,4,94,377
14-12-2024,40,Female,Groceries,15,13,198
07-07-2023,21,Female,Groceries,11,13,143
21-09-2022,65,Female,Sports,2,113,227
13-06-2024,46,Male,Groceries,11,11,123
01-07-2023,35,Female,Electronics,1,819,819
01-11-2023,43,Female,Groceries,8,6,45
18-06-2023,49,Female,Groceries,9,5,42
26-05-2024,47,Male,Electronics,1,869,869
19-04-2023,23,Female,Electronics,1,609,609
07-11-2022,52,Female,Beauty,2,19,38
15-11-2022,35,Female,Sports,1,52,52
03-08-2023,58,Female,Electronics,3,264,793
06-04-2023,27,Female,Clothing,2,115,231
18-02-2023,37,Female,Groceries,6,3,17
04-02-2022,19,Female,Clothing,1,71,71
30-01-2022,21,Female,Electronics,1,1056,1056
24-01-2023,40,Male,Clothing,1,117,117
23-06-2022,54,Male,Sports,1,57,57
30-11-2024,54,Female,Clothing,3,27,82
07-11-2023,26,Female,Sports,1,56,56
05-01-2023,18,Male,Sports,1,181,181
13-01-2024,64,Female,Beauty,3,40,119
30-03-2023,60,Female,Beauty,1,10,10
06-10-2024,18,Male,Electronics,2,844,1687
22-10-2022,51,Female,Beauty,2,20,40
01-10-2023,21,Female,Sports,2,160,320
08-03-2024,43,Female,Electronics,2,301,602
26-01-2023,19,Female,Beauty,1,25,25
23-11-2024,65,Female,Sports,3,132,395
23-12-2023,54,Male,Beauty,2,56,112
27-04-2024,34,Male,Groceries,14,13,178
12-06-2023,51,Female,Clothing,3,71,214
26-03-2024,37,Male,Beauty,3,38,115
05-04-2022,46,Female,Beauty,1,20,20
02-11-2024,59,Male,Sports,2,45,90
01-04-2022,42,Female,Electronics,3,597,1790
11-09-2023,44,Male,Sports,1,30,30
17-11-2024,65,Female,Electronics,2,398,795
05-05-2022,44,Male,Groceries,6,8,46
19-05-2024,28,Male,Electronics,2,474,949
21-10-2024,46,Male,Sports,1,146,146
17-01-2023,24,Male,Groceries,14,3,36
31-01-2022,54,Male,Groceries,14,10,135
31-12-2022,24,Female,Beauty,3,42,125
22-07-2022,51,Male,Clothing,2,44,87
25-01-2023,43,Male,Electronics,2,509,1018
12-09-2023,54,Male,Groceries,12,12,150
13-03-2024,42,Female,Groceries,4,6,22
10-06-2024,22,Male,Sports,2,79,157
19-08-2022,32,Female,Groceries,5,5,23
27-07-2023,42,Female,Sports,2,32,64
21-06-2023,57,Male,Beauty,2,27,54
13-06-2023,32,Male,Clothing,1,81,81
29-09-2024,63,Male,Groceries,3,6,17
05-01-2022,44,Female,Electronics,1,947,947
15-07-2022,61,Female,Beauty,2,39,78
27-02-2022,21,Male,Groceries,7,14,95
30-08-2024,44,Male,Sports,3,184,551
16-04-2022,30,Female,Clothing,1,60,60
16-02-2024,61,Male,Electronics,2,763,1526
10-12-2022,58,Female,Groceries,12,14,163
04-05-2022,49,Male,Sports,1,188,188
24-04-2022,63,Female,Clothing,1,80,80
16-12-2023,61,Male,Sports,3,175,524
15-01-2024,57,Female,Groceries,12,11,126
03-08-2023,31,Female,Sports,3,181,544
19-01-2023,50,Male,Groceries,13,3,35
25-07-2022,58,Male,Beauty,3,13,39
29-10-2022,61,Female,Sports,2,143,285
28-09-2022,23,Male,Clothing,3,63,190
20-12-2024,32,Female,Groceries,8,2,17
10-07-2024,43,Male,Beauty,1,14,14
11-05-2024,48,Male,Beauty,3,29,86
08-02-2022,21,Female,Beauty,3,26,78
01-02-2022,55,Female,Groceries,12,9,105
20-06-2023,63,Female,Sports,1,126,126
11-07-2022,45,Female,Sports,1,78,78
07-07-2022,57,Female,Electronics,3,1115,3346
20-12-2022,38,Male,Sports,3,52,157
21-09-2022,46,Female,Sports,3,81,242
09-03-2022,61,Male,Groceries,3,10,29
23-09-2022,49,Male,Clothing,1,49,49
29-04-2022,60,Male,Beauty,1,43,43
27-10-2022,42,Female,Clothing,2,61,123
29-08-2024,38,Female,Beauty,1,38,38
30-05-2022,22,Female,Electronics,2,689,1378
20-09-2024,47,Female,Sports,1,198,198
11-10-2024,65,Male,Beauty,1,50,50
09-04-2023,62,Female,Beauty,2,28,56
04-05-2022,23,Male,Clothing,3,63,190
06-10-2024,25,Female,Clothing,3,76,227
28-07-2024,40,Female,Groceries,10,4,36
26-04-2022,46,Male,Beauty,2,24,48
28-04-2024,65,Male,Beauty,2,58,116
25-11-2022,52,Male,Beauty,2,13,26
13-05-2022,51,Female,Clothing,4,106,423
15-07-2022,52,Male,Sports,3,80,239
22-12-2023,25,Female,Sports,3,155,465
19-11-2023,56,Female,Groceries,8,10,79
30-04-2024,55,Male,Sports,1,182,182
10-03-2023,26,Female,Beauty,3,52,156
27-05-2022,54,Male,Sports,3,178,533
25-12-2024,28,Female,Groceries,11,5,52
02-10-2024,65,Male,Electronics,3,465,1394
26-12-2022,58,Male,Clothing,3,44,133
01-03-2023,21,Female,Groceries,6,11,66
27-01-2022,21,Male,Clothing,4,78,311
12-11-2023,38,Male,Groceries,15,3,38
29-04-2023,54,Female,Sports,1,162,162
06-01-2023,23,Male,Sports,3,155,465
03-04-2023,52,Male,Beauty,2,28,55
06-11-2022,46,Male,Clothing,2,39,79
20-12-2024,18,Male,Clothing,3,97,291
12-10-2023,32,Male,Electronics,2,1040,2080
16-11-2023,36,Male,Clothing,2,39,78
10-08-2022,27,Female,Clothing,2,23,46
31-10-2022,32,Male,Clothing,3,68,205
17-06-2024,52,Male,Electronics,1,759,759
26-03-2024,53,Female,Sports,1,65,65
14-02-2022,48,Male,Sports,1,38,38
18-04-2022,43,Male,Beauty,1,35,35
25-11-2023,34,Male,Clothing,3,66,198
31-07-2022,59,Male,Sports,1,75,75
18-06-2024,61,Male,Electronics,1,473,473
16-07-2023,32,Male,Sports,2,108,215
11-10-2023,36,Male,Electronics,1,602,602
14-10-2024,35,Male,Beauty,2,46,91
26-09-2023,26,Male,Electronics,2,920,1840
01-11-2022,65,Male,Beauty,2,47,94
27-05-2023,31,Female,Electronics,3,312,935
10-01-2022,29,Male,Clothing,2,81,162
05-09-2022,61,Female,Clothing,3,55,164
20-06-2024,19,Female,Beauty,3,56,167
05-11-2023,37,Male,Electronics,1,664,664
28-01-2023,40,Female,Groceries,3,12,35
20-12-2022,33,Male,Electronics,1,914,914
27-05-2024,48,Female,Beauty,2,45,91
01-03-2024,35,Female,Clothing,4,100,401
17-04-2022,52,Male,Electronics,1,1035,1035
02-02-2022,35,Female,Electronics,2,276,552
29-08-2023,62,Female,Clothing,4,54,215
01-11-2023,36,Female,Beauty,1,20,20
18-12-2024,35,Female,Beauty,1,41,41
31-03-2023,64,Male,Groceries,10,13,129
18-05-2024,21,Female,Clothing,2,32,64
15-10-2024,48,Female,Groceries,13,11,141
15-06-2022,43,Female,Beauty,1,57,57
20-05-2022,21,Male,Sports,2,32,63
25-07-2022,59,Male,Sports,3,193,579
24-05-2023,55,Male,Beauty,1,14,14
26-05-2022,25,Female,Clothing,4,26,105
26-12-2023,35,Female,Clothing,4,59,238
11-11-2024,47,Male,Clothing,3,48,145
06-09-2023,34,Female,Electronics,2,577,1155
11-02-2023,29,Female,Electronics,3,1097,3292
09-12-2024,44,Male,Sports,3,149,448
13-12-2022,37,Female,Clothing,1,65,65
22-02-2023,47,Female,Clothing,3,98,295
05-03-2022,28,Male,Beauty,2,37,75
20-04-2022,48,Male,Clothing,2,118,236
16-11-2023,23,Female,Clothing,3,52,156
18-05-2023,49,Female,Sports,2,196,391
29-07-2022,61,Male,Sports,1,130,130
27-02-2024,38,Female,Groceries,5,6,31
04-10-2023,52,Male,Sports,1,42,42
04-01-2022,59,Male,Electronics,3,216,648
02-06-2023,62,Female,Electronics,2,934,1868
07-07-2024,51,Female,Electronics,1,934,934
28-07-2022,25,Male,Electronics,2,555,1110
24-08-2022,50,Male,Beauty,3,35,105
03-06-2022,56,Female,Groceries,9,13,117
02-08-2024,18,Male,Beauty,2,38,75
24-03-2022,21,Female,Sports,2,175,350
04-08-2024,28,Female,Clothing,4,60,240
19-07-2024,58,Female,Clothing,3,117,351
29-07-2023,27,Male,Sports,2,122,245
16-03-2024,21,Male,Clothing,4,73,293
20-12-2022,49,Female,Beauty,1,37,37
17-11-2022,42,Female,Beauty,2,55,111
23-08-2022,18,Female,Groceries,8,6,52
11-03-2023,44,Male,Clothing,4,51,205
27-09-2024,55,Female,Sports,1,137,137
06-08-2024,57,Male,Clothing,2,90,180
11-10-2022,34,Female,Clothing,3,63,190
05-08-2023,36,Male,Electronics,2,261,521
22-11-2022,58,Male,Clothing,4,81,323
23-11-2023,47,Female,Electronics,2,458,916
14-04-2023,36,Female,Groceries,13,10,134
13-06-2023,58,Female,Clothing,1,91,91
01-07-2022,29,Male,Clothing,4,114,458
03-07-2022,54,Female,Groceries,15,7,112
13-01-2022,40,Male,Electronics,2,416,832
27-09-2022,30,Female,Electronics,1,1097,1097
09-05-2023,54,Male,Sports,3,154,461
14-09-2023,25,Male,Sports,3,66,199
13-06-2022,44,Male,Sports,1,174,174
22-11-2023,33,Female,Sports,3,174,521
23-02-2024,59,Female,Clothing,1,74,74
12-12-2024,58,Male,Electronics,3,1096,3289
22-07-2024,35,Male,Electronics,1,302,302
16-03-2023,43,Male,Electronics,1,583,583
12-05-2022,35,Female,Sports,2,186,373
28-12-2024,20,Male,Clothing,4,95,381
11-07-2024,58,Male,Groceries,15,6,95
07-12-2024,62,Male,Groceries,13,7,96
28-11-2023,39,Male,Sports,2,192,385
15-07-2024,40,Male,Groceries,7,8,58
29-06-2024,61,Female,Groceries,14,6,80
14-10-2022,42,Female,Sports,3,139,417
02-05-2022,51,Female,Sports,2,133,265
08-01-2022,33,Female,Beauty,1,11,11
06-08-2024,36,Male,Clothing,1,69,69
10-02-2023,63,Male,Electronics,2,414,827
03-06-2022,41,Male,Groceries,4,13,51
12-05-2022,49,Female,Beauty,2,25,50
30-11-2024,48,Male,Electronics,2,931,1862
01-08-2024,21,Female,Clothing,1,78,78
24-03-2024,51,Female,Electronics,2,979,1958
24-08-2024,57,Female,Sports,2,44,89
11-08-2022,52,Male,Sports,1,155,155
24-12-2023,58,Male,Electronics,1,606,606
12-10-2022,24,Male,Clothing,3,87,261
29-11-2024,45,Female,Clothing,2,87,175
08-12-2023,37,Female,Groceries,12,4,51
14-02-2024,53,Male,Electronics,1,1124,1124
05-03-2022,53,Female,Electronics,3,418,1253
28-12-2023,28,Female,Groceries,7,13,88
16-12-2023,34,Female,Sports,1,152,152
10-03-2023,35,Female,Sports,1,169,169
19-08-2023,33,Male,Beauty,2,45,89
04-08-2024,61,Male,Sports,1,109,109
14-04-2024,58,Male,Beauty,3,18,55
22-12-2022,59,Male,Electronics,2,365,729
31-05-2022,60,Male,Groceries,14,10,142
13-02-2024,51,Female,Groceries,14,14,190
29-05-2024,28,Female,Groceries,9,7,62
30-11-2024,54,Female,Electronics,1,203,203
20-06-2024,25,Male,Sports,1,188,188
31-01-2022,47,Male,Beauty,2,58,116
13-08-2024,55,Female,Beauty,3,34,103
10-09-2024,64,Female,Electronics,2,889,1777
21-09-2024,34,Female,Beauty,2,51,102
04-06-2024,41,Male,Clothing,3,87,260
02-05-2023,40,Female,Sports,2,55,110
21-01-2022,50,Male,Beauty,1,17,17
11-02-2022,27,Female,Clothing,1,68,68
10-01-2023,63,Male,Groceries,3,3,9
15-06-2022,36,Female,Sports,2,180,361
02-10-2022,59,Female,Electronics,2,457,913
01-04-2023,39,Female,Sports,2,53,106
23-02-2024,48,Male,Sports,3,53,158
18-05-2023,65,Female,Groceries,6,15,88
29-07-2024,24,Male,Clothing,1,32,32
02-01-2023,19,Male,Beauty,3,29,88
27-06-2022,36,Female,Sports,1,53,53
16-08-2022,20,Male,Clothing,1,64,64
23-12-2022,39,Female,Electronics,3,455,1366
02-12-2023,29,Female,Beauty,1,59,59
27-05-2022,61,Male,Groceries,10,3,32
21-02-2024,41,Male,Clothing,1,119,119
13-12-2022,49,Male,Beauty,1,15,15
08-11-2023,53,Male,Sports,3,97,292
04-05-2024,21,Female,Electronics,1,647,647
07-04-2023,47,Male,Clothing,2,45,91
03-02-2023,62,Female,Sports,2,79,157
05-05-2023,59,Male,Beauty,3,52,155
18-04-2022,28,Male,Groceries,8,12,92
14-02-2024,27,Male,Beauty,1,43,43
12-01-2024,38,Female,Beauty,1,20,20
23-06-2024,43,Female,Electronics,1,1198,1198
18-07-2023,35,Male,Electronics,2,537,1073
11-05-2023,32,Female,Sports,1,66,66
10-06-2023,35,Female,Clothing,4,26,106
29-12-2024,54,Male,Groceries,14,10,140
28-09-2022,34,Male,Electronics,1,1060,1060
09-05-2022,53,Female,Clothing,3,90,270
17-12-2023,60,Female,Electronics,2,1101,2203
06-07-2024,34,Female,Beauty,3,10,31
16-12-2023,18,Female,Clothing,4,79,316
09-04-2024,62,Male,Beauty,2,27,54
28-08-2023,43,Female,Clothing,4,66,264
18-02-2023,27,Male,Beauty,1,33,33
23-05-2024,34,Female,Groceries,7,6,42
22-08-2023,48,Female,Sports,2,40,80
21-09-2022,41,Female,Electronics,3,791,2372
12-01-2022,45,Female,Sports,1,200,200
11-04-2024,48,Male,Clothing,3,38,113
23-06-2022,62,Male,Groceries,11,10,111
11-08-2023,20,Male,Groceries,12,4,47
02-03-2023,29,Male,Clothing,2,102,205
19-02-2023,45,Female,Beauty,2,24,49
15-06-2023,63,Female,Electronics,2,493,986
09-03-2022,24,Male,Sports,2,124,249
11-06-2022,39,Female,Groceries,12,4,50
12-12-2023,44,Male,Beauty,2,60,119
13-06-2022,39,Female,Groceries,9,5,42
29-01-2022,49,Male,Sports,3,69,207
22-04-2022,18,Female,Electronics,3,1192,3577
25-08-2024,54,Female,Electronics,3,768,2303
09-11-2022,18,Female,Sports,1,199,199
06-12-2022,48,Male,Groceries,11,8,83
08-06-2024,34,Male,Beauty,3,13,40
28-02-2024,61,Female,Clothing,3,95,284
01-04-2022,48,Female,Sports,1,137,137
10-04-2022,37,Female,Groceries,4,2,8
22-07-2023,37,Female,Groceries,7,12,86
30-10-2023,32,Female,Groceries,3,8,25
15-06-2023,21,Male,Electronics,3,376,1129
31-03-2023,19,Male,Electronics,1,855,855
06-12-2023,23,Male,Beauty,1,34,34
26-07-2022,63,Female,Beauty,1,23,23
29-06-2022,63,Male,Clothing,1,50,50
04-05-2024,36,Female,Groceries,3,15,45
22-05-2024,40,Male,Beauty,2,42,83
13-04-2024,39,Male,Clothing,4,90,361
30-03-2024,46,Male,Groceries,10,14,142
30-05-2022,50,Female,Electronics,3,1051,3153
10-12-2023,63,Male,Sports,1,126,126
26-09-2023,49,Female,Electronics,1,1131,1131
04-11-2023,60,Female,Beauty,2,28,57
29-12-2024,24,Male,Beauty,1,42,42
19-03-2024,49,Female,Clothing,4,50,201
10-08-2023,27,Male,Sports,1,169,169
26-03-2023,33,Male,Groceries,11,7,72
12-02-2023,47,Female,Groceries,13,12,161
03-11-2023,33,Male,Sports,1,64,64
31-10-2024,45,Female,Beauty,1,21,21
20-02-2022,65,Female,Beauty,2,30,59
07-11-2024,49,Male,Sports,2,139,279
31-10-2024,49,Female,Clothing,4,98,391
13-07-2023,41,Female,Groceries,9,4,38
09-07-2022,26,Female,Groceries,11,14,153
09-06-2023,60,Male,Groceries,11,15,160
12-07-2022,18,Female,Sports,1,182,182
27-01-2023,41,Female,Clothing,1,27,27
28-11-2023,45,Female,Beauty,1,17,17
17-09-2022,54,Female,Beauty,1,13,13
22-03-2024,49,Female,Beauty,1,31,31
25-11-2023,32,Male,Beauty,3,45,136
14-04-2022,25,Female,Electronics,2,479,959
19-10-2024,37,Female,Beauty,3,42,126
27-03-2023,46,Male,Clothing,3,119,357
26-02-2023,60,Female,Sports,3,64,192
30-05-2024,42,Female,Electronics,2,837,1675
28-10-2023,59,Female,Beauty,2,37,75
01-08-2024,58,Male,Groceries,14,12,167
19-10-2022,47,Female,Groceries,7,11,80
11-11-2023,64,Female,Groceries,10,13,135
22-03-2022,30,Male,Beauty,3,10,31
03-04-2022,37,Female,Electronics,3,777,2330
25-03-2022,50,Female,Clothing,4,23,92
31-05-2022,64,Male,Beauty,1,49,49
29-05-2022,25,Male,Beauty,1,58,58
24-10-2023,35,Male,Beauty,3,33,98
27-07-2022,34,Female,Groceries,14,14,197
06-05-2023,46,Male,Groceries,4,11,46
03-12-2023,30,Female,Groceries,10,5,52
06-05-2024,21,Male,Electronics,1,307,307
17-11-2024,32,Female,Clothing,4,70,278
06-04-2024,51,Male,Beauty,1,29,29
03-04-2022,51,Female,Sports,1,83,83
21-12-2024,35,Male,Groceries,3,11,34
06-07-2024,33,Male,Sports,1,148,148
24-08-2023,45,Male,Beauty,2,19,38
29-04-2023,19,Male,Groceries,9,7,59
14-11-2024,28,Female,Beauty,2,24,48
09-06-2022,47,Female,Sports,1,149,149
21-03-2023,58,Female,Clothing,3,56,169
01-09-2024,55,Female,Groceries,3,7,21
29-04-2022,40,Male,Electronics,1,455,455
14-01-2023,64,Female,Electronics,3,537,1611
28-12-2024,27,Male,Electronics,3,439,1317
29-06-2022,51,Female,Beauty,2,45,90
21-03-2024,40,Female,Electronics,1,844,844
25-03-2022,30,Female,Sports,3,81,243
12-01-2022,18,Female,Beauty,2,21,42
14-09-2022,46,Male,Electronics,2,652,1304
23-08-2022,41,Female,Groceries,7,9,66
29-04-2022,21,Male,Electronics,2,365,729
29-08-2023,22,Female,Groceries,15,12,180
07-08-2022,47,Male,Electronics,2,238,477
16-03-2023,57,Male,Sports,3,99,297
24-08-2023,24,Female,Sports,3,161,482
01-09-2024,42,Female,Clothing,3,70,210
08-01-2024,50,Male,Beauty,1,40,40
28-08-2022,21,Female,Beauty,3,34,102
13-12-2023,37,Female,Beauty,3,47,141
06-10-2022,55,Female,Clothing,3,105,314
14-12-2023,58,Female,Clothing,3,88,265
21-11-2024,39,Female,Electronics,1,545,545
10-12-2023,43,Female,Electronics,3,686,2058
16-09-2023,57,Female,Beauty,3,44,133
14-12-2023,44,Male,Electronics,3,885,2655
10-10-2024,33,Male,Clothing,1,89,89
03-10-2023,31,Female,Beauty,2,25,50
13-03-2022,39,Male,Sports,3,74,222
02-02-2024,40,Male,Groceries,7,4,25
10-09-2024,57,Male,Sports,1,156,156
13-08-2024,30,Female,Beauty,2,13,26
03-10-2022,39,Female,Beauty,3,49,146
11-05-2024,40,Male,Beauty,2,53,105
19-10-2023,48,Female,Clothing,3,96,289
12-02-2023,65,Female,Beauty,1,35,35
01-12-2024,62,Male,Beauty,2,44,88
14-11-2023,47,Male,Clothing,4,114,458
23-02-2024,48,Female,Electronics,2,393,786
09-01-2022,44,Female,Clothing,3,65,195
29-09-2022,31,Male,Clothing,3,40,121
28-08-2022,34,Male,Groceries,10,3,26
09-09-2022,20,Male,Groceries,15,14,216
29-10-2022,40,Male,Groceries,9,5,49
20-01-2022,42,Male,Clothing,2,31,61
20-01-2022,36,Female,Beauty,2,19,38
11-10-2023,55,Female,Clothing,2,100,200
29-06-2024,43,Male,Clothing,2,78,157
18-12-2024,23,Female,Groceries,4,11,45
04-08-2024,61,Male,Sports,2,86,171
12-10-2024,32,Male,Clothing,3,111,333
05-03-2023,40,Female,Electronics,1,906,906
09-04-2024,38,Female,Electronics,1,1181,1181
02-04-2023,59,Female,Sports,3,154,463
01-01-2023,36,Male,Beauty,2,45,90
23-09-2022,51,Female,Electronics,2,625,1250
07-12-2022,40,Male,Sports,3,156,469
07-07-2022,35,Female,Clothing,3,77,231
21-10-2024,41,Female,Groceries,8,12,92
04-09-2024,56,Female,Groceries,11,14,156
19-06-2024,34,Male,Electronics,1,642,642
28-06-2023,29,Female,Groceries,15,10,153
07-05-2022,33,Female,Electronics,3,1001,3002
25-10-2024,18,Male,Sports,1,118,118
20-01-2023,27,Female,Sports,2,26,52
19-05-2022,49,Male,Electronics,3,671,2014
20-01-2022,22,Female,Beauty,1,55,55
10-08-2023,44,Female,Beauty,3,37,110
18-09-2024,56,Male,Beauty,1,41,41
25-01-2024,36,Female,Groceries,14,10,134
28-07-2024,28,Male,Clothing,3,120,359
21-05-2023,55,Male,Groceries,11,8,92
15-03-2022,32,Male,Beauty,3,11,33
17-04-2024,58,Male,Clothing,3,29,88
05-08-2024,64,Female,Sports,3,190,571
24-03-2023,62,Female,Beauty,2,34,68
17-01-2022,43,Female,Groceries,5,9,44
23-07-2022,39,Female,Sports,3,100,301
28-06-2022,61,Male,Groceries,5,5,26
12-04-2022,33,Female,Sports,1,123,123
21-08-2023,61,Male,Beauty,1,57,57
02-03-2023,56,Male,Clothing,3,105,316
25-02-2023,62,Female,Groceries,11,12,132
15-04-2022,62,Male,Electronics,3,239,718
17-10-2022,32,Male,Electronics,3,359,1076
03-03-2024,18,Male,Beauty,2,55,111
10-05-2024,39,Male,Clothing,1,113,113
20-04-2023,53,Male,Sports,1,62,62
26-01-2023,42,Female,Groceries,8,14,112
18-10-2022,31,Male,Beauty,2,24,49
13-03-2023,26,Female,Beauty,2,32,65
23-01-2024,61,Male,Electronics,2,1141,2282
08-07-2023,51,Female,Electronics,3,311,934
15-07-2024,24,Male,Sports,1,70,70
12-04-2023,48,Female,Electronics,3,683,2050
29-04-2023,29,Female,Clothing,3,117,352
11-01-2024,26,Male,Beauty,2,28,55
05-11-2023,38,Male,Groceries,12,6,68
09-02-2022,62,Female,Groceries,5,14,72
03-03-2022,62,Male,Clothing,1,20,20
12-07-2023,23,Female,Clothing,3,87,260
08-09-2022,49,Male,Sports,2,49,98
02-11-2023,18,Male,Beauty,1,20,20
01-12-2022,34,Male,Sports,3,94,281
06-07-2022,25,Male,Sports,3,142,425
23-08-2023,20,Female,Sports,3,179,538
24-07-2024,23,Female,Beauty,1,56,56
03-04-2022,27,Female,Sports,1,143,143
28-05-2023,46,Female,Sports,3,191,574
09-09-2022,32,Female,Sports,2,189,379
23-08-2023,18,Female,Groceries,9,10,92
17-08-2022,39,Male,Groceries,10,13,126
29-06-2023,31,Female,Clothing,1,113,113
27-06-2023,46,Female,Groceries,4,9,38
07-05-2024,56,Male,Beauty,2,28,57
18-07-2022,40,Male,Beauty,1,10,10
03-02-2024,42,Female,Clothing,2,53,105
10-04-2024,54,Female,Groceries,13,5,68
21-05-2024,47,Female,Sports,1,38,38
08-11-2022,36,Male,Clothing,2,29,57
14-04-2023,28,Male,Sports,2,40,81
19-09-2023,31,Male,Clothing,2,21,42
17-04-2022,36,Female,Groceries,6,4,23
13-05-2023,18,Female,Beauty,3,59,177
15-11-2023,32,Female,Clothing,4,70,280
25-07-2024,20,Female,Electronics,2,580,1160
27-08-2022,55,Male,Groceries,5,6,28
24-11-2023,45,Male,Electronics,2,1113,2226
04-08-2023,23,Female,Beauty,1,38,38
14-11-2024,47,Female,Groceries,7,3,22
24-07-2024,31,Female,Beauty,3,31,92
27-09-2022,35,Male,Electronics,3,1122,3366
01-11-2023,29,Male,Sports,3,95,286
03-01-2023,33,Female,Clothing,4,58,232
19-10-2022,34,Female,Beauty,2,42,85
07-03-2023,58,Female,Clothing,1,57,57
23-05-2024,39,Male,Electronics,2,831,1661
08-09-2022,65,Female,Groceries,7,6,43
02-06-2023,55,Male,Electronics,2,272,545
12-06-2024,30,Male,Electronics,1,999,999
29-01-2024,56,Female,Clothing,2,58,116
25-11-2023,46,Male,Sports,1,183,183
22-12-2022,32,Female,Groceries,8,14,112
12-11-2022,41,Male,Electronics,1,388,388
30-05-2022,31,Male,Beauty,3,19,58
14-08-2022,44,Female,Beauty,2,10,20
24-09-2024,49,Female,Electronics,1,1170,1170
14-05-2022,28,Female,Clothing,3,68,203
29-04-2022,28,Female,Groceries,12,4,50
02-06-2023,52,Male,Beauty,2,19,37
05-01-2023,63,Male,Sports,1,122,122
06-02-2023,52,Female,Groceries,12,14,170
29-04-2022,19,Female,Groceries,13,14,184
09-07-2024,55,Female,Groceries,12,7,86
16-11-2024,53,Male,Electronics,3,342,1027
22-09-2023,48,Male,Beauty,2,60,119
03-04-2022,28,Female,Sports,3,118,355
23-10-2024,29,Male,Sports,3,67,201
08-12-2024,41,Male,Beauty,2,58,115
04-06-2024,30,Female,Groceries,4,13,50
03-11-2023,50,Male,Sports,1,104,104
18-10-2023,28,Female,Clothing,4,32,129
22-11-2024,24,Male,Electronics,2,330,660
27-07-2023,31,Male,Clothing,4,96,382
21-09-2023,52,Female,Clothing,4,101,404
26-10-2022,49,Male,Clothing,4,115,460
09-01-2024,63,Female,Clothing,3,32,97
06-04-2024,27,Female,Sports,2,96,192
15-05-2022,54,Male,Beauty,3,14,42
03-11-2022,61,Female,Electronics,3,673,2018
18-11-2022,21,Male,Clothing,2,23,46
08-06-2023,39,Male,Beauty,3,22,65
19-02-2023,44,Female,Beauty,2,52,103
22-08-2023,48,Female,Beauty,3,35,104
01-10-2024,61,Female,Groceries,11,6,61
12-01-2022,56,Female,Clothing,2,35,71
09-07-2023,24,Male,Clothing,4,74,297
24-10-2023,32,Male,Electronics,3,942,2827
26-09-2024,55,Female,Beauty,1,58,58
09-09-2022,60,Male,Groceries,13,15,192
20-02-2022,46,Male,Clothing,2,115,230
28-08-2024,60,Male,Beauty,1,58,58
27-08-2022,19,Male,Beauty,1,30,30
21-04-2022,61,Male,Groceries,5,10,49
01-01-2024,27,Male,Groceries,8,4,35
02-10-2023,59,Female,Beauty,1,19,19
08-12-2022,23,Male,Sports,2,101,201
15-05-2023,39,Male,Groceries,7,15,104
09-01-2022,35,Male,Groceries,11,6,69
10-01-2023,33,Female,Groceries,5,10,48
20-03-2022,23,Female,Electronics,2,927,1855
14-12-2024,39,Male,Sports,3,79,237
13-06-2022,48,Male,Groceries,11,2,26
30-07-2023,42,Female,Sports,1,132,132
04-06-2022,22,Male,Beauty,1,57,57
26-01-2022,50,Female,Sports,2,67,134
02-09-2022,40,Male,Clothing,2,103,205
02-07-2023,41,Male,Groceries,8,4,29
22-02-2022,46,Female,Sports,1,37,37
09-01-2022,32,Female,Electronics,1,651,651
09-12-2023,52,Male,Beauty,3,57,172
07-12-2023,55,Female,Sports,2,173,347
21-03-2024,21,Male,Sports,3,51,154
16-06-2023,45,Male,Groceries,11,11,118
07-11-2023,42,Female,Beauty,2,50,100
30-05-2023,38,Female,Clothing,1,116,116
05-08-2022,55,Male,Beauty,2,18,36
13-09-2022,64,Male,Beauty,3,35,106
16-03-2023,46,Female,Clothing,1,65,65
11-11-2023,38,Male,Sports,3,169,507
17-11-2024,51,Female,Beauty,2,19,38
22-09-2022,37,Female,Sports,2,168,335
26-05-2024,50,Female,Sports,3,59,176
10-12-2023,19,Female,Groceries,7,5,36
13-01-2022,18,Male,Sports,3,33,98
31-05-2024,64,Male,Sports,2,177,354
13-04-2023,52,Female,Clothing,4,98,393
27-02-2024,48,Female,Clothing,3,116,348
22-07-2022,28,Male,Sports,1,67,67
09-05-2022,49,Male,Electronics,3,427,1281
10-10-2023,46,Male,Groceries,8,10,78
01-03-2024,61,Female,Sports,1,29,29
16-01-2022,45,Female,Groceries,14,3,42
23-04-2024,29,Female,Groceries,9,3,24
20-05-2024,57,Male,Groceries,6,11,69
21-04-2024,61,Female,Electronics,3,443,1330
24-06-2023,28,Female,Electronics,2,362,724
17-02-2022,64,Male,Beauty,2,37,74
13-03-2022,23,Female,Clothing,4,107,429
07-08-2022,33,Female,Sports,2,120,240
13-10-2024,61,Female,Groceries,14,6,89
13-12-2024,51,Male,Sports,3,110,330
13-07-2024,59,Male,Clothing,1,52,52
23-07-2024,45,Female,Electronics,2,705,1411
18-03-2023,30,Female,Clothing,1,64,64
06-11-2024,55,Male,Clothing,2,44,89
10-09-2022,63,Female,Electronics,1,1162,1162
08-08-2022,51,Female,Electronics,1,922,922
20-07-2022,63,Female,Clothing,1,30,30
27-01-2023,33,Male,Beauty,2,16,32
29-10-2022,40,Male,Beauty,1,29,29
16-08-2023,58,Female,Clothing,4,80,322
10-12-2024,52,Male,Sports,3,75,226
18-10-2022,48,Female,Beauty,1,49,49
08-03-2022,64,Male,Beauty,3,24,72
21-03-2022,27,Female,Clothing,4,57,229
19-02-2022,61,Female,Electronics,2,979,1958
24-06-2024,49,Female,Beauty,1,48,48
07-08-2023,65,Male,Sports,2,96,192
23-07-2023,23,Male,Sports,2,96,191
25-11-2022,41,Female,Sports,3,46,138
05-10-2022,43,Male,Clothing,1,34,34
17-04-2022,49,Male,Sports,3,125,375
28-01-2023,32,Female,Beauty,3,40,120
26-10-2023,38,Male,Groceries,8,10,76
25-03-2023,58,Male,Electronics,1,761,761
24-06-2022,61,Female,Groceries,13,9,118
20-12-2024,28,Female,Beauty,2,12,24
10-08-2024,18,Female,Groceries,4,13,52
15-01-2024,50,Female,Sports,1,117,117
11-07-2024,54,Male,Beauty,2,37,74
20-12-2024,39,Female,Electronics,1,303,303
12-09-2023,41,Male,Groceries,10,13,127
28-02-2022,21,Male,Groceries,3,10,31
15-08-2023,40,Female,Beauty,3,20,60
17-01-2024,44,Female,Groceries,12,13,159
09-11-2023,36,Male,Electronics,3,507,1520
13-10-2023,31,Female,Clothing,2,76,152
02-07-2023,25,Female,Electronics,2,730,1459
24-10-2022,49,Female,Clothing,4,47,186
08-03-2023,53,Male,Groceries,11,8,88
27-10-2022,57,Female,Clothing,3,94,281
08-07-2022,29,Female,Sports,3,92,277
18-03-2024,57,Male,Beauty,1,51,51
02-07-2022,29,Male,Beauty,2,40,81
18-06-2023,57,Male,Sports,3,188,565
25-06-2022,21,Female,Electronics,1,903,903
23-12-2024,40,Male,Clothing,2,109,218
29-07-2022,50,Female,Sports,1,89,89
03-06-2022,52,Male,Groceries,12,2,27
11-04-2024,57,Male,Beauty,3,39,116
09-02-2022,34,Female,Beauty,2,17,35
08-10-2023,50,Female,Sports,3,79,238
15-04-2023,31,Male,Groceries,9,3,28
31-05-2022,53,Male,Beauty,1,35,35
31-10-2024,54,Female,Electronics,3,595,1785
11-03-2024,60,Female,Electronics,2,756,1512
26-07-2023,59,Male,Electronics,2,829,1658
30-07-2022,34,Female,Groceries,14,9,130
20-12-2023,52,Male,Sports,1,157,157
26-04-2022,46,Female,Groceries,8,6,46
22-04-2023,45,Male,Beauty,3,13,40
18-03-2023,50,Male,Groceries,4,5,19
22-06-2023,39,Female,Electronics,2,1041,2081
08-07-2024,61,Female,Beauty,3,28,84
13-02-2022,46,Male,Beauty,1,24,24
04-02-2023,53,Male,Electronics,1,1178,1178
29-07-2023,34,Male,Beauty,2,50,101
24-09-2023,54,Female,Sports,2,35,69
09-09-2023,49,Male,Electronics,2,481,961
03-03-2022,46,Female,Beauty,1,41,41
06-01-2024,55,Female,Sports,2,87,173
20-08-2024,50,Male,Groceries,15,3,46
04-04-2023,46,Female,Clothing,2,30,61
21-11-2023,64,Female,Clothing,3,72,216
05-05-2022,37,Male,Groceries,8,14,112
09-01-2024,19,Female,Electronics,3,1032,3097
02-08-2022,19,Female,Clothing,1,90,90
11-09-2022,28,Female,Groceries,9,5,49
17-04-2023,51,Female,Electronics,3,950,2849
13-02-2024,25,Female,Groceries,9,3,25
10-07-2024,33,Male,Clothing,1,86,86
02-09-2024,52,Female,Clothing,4,37,149
08-02-2024,35,Male,Sports,3,90,271
31-10-2024,36,Male,Groceries,5,10,49
29-04-2024,61,Male,Beauty,1,23,23
10-02-2023,63,Female,Groceries,4,10,39
06-09-2023,47,Female,Groceries,3,3,9
25-09-2024,53,Female,Beauty,3,32,97
26-08-2022,57,Female,Clothing,3,118,355
11-09-2023,30,Female,Sports,1,65,65
24-03-2022,45,Male,Groceries,13,12,153
09-05-2023,33,Male,Groceries,3,6,17
20-08-2022,31,Female,Sports,3,108,324
28-06-2022,26,Male,Sports,2,98,195
22-01-2024,58,Female,Groceries,7,13,90
28-11-2023,64,Male,Beauty,2,38,76
17-05-2023,38,Female,Beauty,3,44,132
21-12-2022,44,Female,Groceries,13,6,81
13-04-2024,19,Male,Clothing,2,41,83
09-10-2024,38,Female,Groceries,9,9,82
09-09-2022,49,Female,Beauty,3,40,120
17-03-2024,54,Female,Clothing,4,66,263
10-11-2024,53,Male,Clothing,2,33,66
24-12-2024,31,Male,Groceries,5,3,14
06-05-2022,36,Female,Groceries,4,3,12
16-09-2023,27,Male,Groceries,15,11,158
09-04-2023,32,Male,Beauty,2,30,61
12-07-2022,35,Female,Groceries,13,13,175
20-09-2022,52,Female,Sports,2,191,382
05-03-2023,59,Male,Beauty,2,60,119
16-08-2024,55,Female,Sports,2,108,215
08-11-2024,27,Female,Clothing,3,64,191
04-02-2024,29,Female,Groceries,11,6,71
06-11-2022,62,Female,Groceries,5,13,63
13-04-2024,42,Female,Beauty,1,48,48
07-02-2022,38,Male,Electronics,1,1103,1103
09-09-2024,22,Male,Beauty,3,45,134
22-04-2023,20,Male,Electronics,1,1179,1179
02-09-2024,30,Male,Electronics,2,1180,2361
21-03-2023,18,Male,Sports,2,153,307
22-06-2024,51,Female,Beauty,2,20,41
06-12-2024,58,Female,Sports,3,113,339
27-06-2023,33,Female,Electronics,3,457,1370
27-12-2023,20,Male,Groceries,4,11,42
02-09-2023,21,Female,Sports,3,146,437
03-11-2023,22,Female,Groceries,15,11,168
05-04-2023,38,Male,Sports,2,78,156
26-05-2023,43,Female,Sports,1,137,137
04-12-2024,18,Female,Beauty,2,38,76
15-05-2024,58,Male,Sports,1,42,42
13-12-2023,53,Male,Groceries,5,13,64
15-04-2022,64,Female,Electronics,3,636,1907
17-04-2024,36,Male,Groceries,3,10,30
20-03-2024,32,Female,Sports,1,120,120
27-05-2024,58,Female,Sports,3,86,258
17-05-2022,49,Male,Beauty,1,18,18
29-12-2022,46,Female,Sports,1,96,96
20-10-2024,41,Female,Groceries,7,3,23
12-08-2022,59,Male,Electronics,3,339,1016
23-03-2023,46,Female,Electronics,3,534,1601
09-09-2023,28,Female,Clothing,3,81,242
22-09-2022,64,Female,Beauty,3,25,75
25-04-2022,53,Female,Beauty,2,47,93
29-12-2024,46,Male,Groceries,9,8,72
25-08-2024,57,Female,Electronics,3,904,2713
20-02-2024,39,Male,Clothing,3,116,348
11-04-2023,64,Female,Beauty,3,46,139
17-10-2022,64,Male,Groceries,15,13,196
21-01-2024,30,Male,Clothing,3,119,357
11-11-2024,58,Female,Beauty,3,55,165
05-11-2024,63,Male,Clothing,3,91,272
24-11-2024,54,Male,Beauty,2,28,56
08-12-2022,63,Male,Groceries,10,11,112
07-01-2023,54,Male,Groceries,5,3,13
08-04-2023,53,Female,Groceries,12,4,45
11-01-2022,31,Female,Beauty,1,28,28
31-08-2024,34,Female,Sports,1,171,171
06-07-2022,28,Male,Sports,1,37,37
28-04-2024,50,Male,Electronics,3,802,2407
27-08-2024,55,Female,Clothing,2,37,74
31-05-2023,49,Male,Beauty,3,33,99
07-06-2024,34,Male,Electronics,2,679,1359
30-01-2022,36,Female,Electronics,3,564,1691
22-03-2023,44,Male,Sports,3,59,178
27-07-2022,54,Female,Beauty,2,11,23
27-11-2024,35,Male,Electronics,3,664,1991
01-11-2022,57,Female,Clothing,3,79,236
23-04-2022,39,Female,Clothing,2,36,73
05-09-2024,58,Male,Clothing,1,111,111
19-11-2024,44,Male,Sports,3,114,342
23-01-2022,48,Male,Sports,2,144,288
04-03-2024,52,Female,Clothing,1,103,103
13-09-2023,54,Female,Sports,3,122,365
14-10-2023,19,Female,Beauty,3,35,105
27-08-2022,31,Male,Groceries,14,9,127
24-06-2023,19,Female,Electronics,3,251,753
28-11-2022,34,Female,Sports,2,58,117
02-12-2022,35,Female,Electronics,2,291,583
10-05-2024,40,Male,Beauty,2,24,48
30-12-2024,38,Female,Sports,3,94,283
25-09-2022,60,Female,Sports,3,92,276
04-02-2022,42,Male,Sports,3,42,127
10-11-2022,62,Female,Clothing,3,70,211
05-06-2023,46,Female,Sports,3,157,472
29-02-2024,47,Male,Sports,3,108,324
02-01-2023,62,Female,Groceries,8,12,98
04-11-2023,62,Male,Sports,3,49,146
29-09-2023,53,Female,Electronics,1,328,328
13-08-2022,38,Male,Clothing,2,83,165
31-12-2022,60,Male,Groceries,4,8,31
20-02-2024,38,Male,Clothing,4,22,88
28-09-2024,61,Male,Clothing,2,103,207
23-11-2023,40,Male,Sports,1,88,88
05-09-2022,35,Male,Clothing,1,38,38
22-04-2023,35,Male,Sports,3,32,95
30-01-2022,57,Male,Electronics,2,857,1714
13-05-2024,25,Male,Beauty,3,36,108
24-02-2023,51,Male,Sports,2,137,274
01-07-2024,34,Female,Groceries,6,12,74
22-09-2024,64,Female,Sports,2,128,256
04-10-2022,32,Female,Sports,3,150,450
09-04-2024,31,Female,Clothing,1,79,79
17-12-2023,26,Male,Electronics,2,849,1698
28-11-2024,65,Male,Groceries,8,13,102
21-12-2024,38,Female,Electronics,2,718,1436
17-02-2024,18,Male,Sports,2,43,86
23-08-2024,24,Male,Sports,1,44,44
05-12-2022,23,Female,Electronics,3,291,874
25-10-2024,22,Male,Beauty,1,18,18
24-11-2024,39,Female,Sports,2,65,130
08-06-2022,41,Male,Groceries,12,15,176
27-05-2022,28,Male,Beauty,1,40,40
19-12-2022,28,Female,Sports,1,166,166
31-01-2022,55,Male,Sports,1,189,189
21-07-2024,51,Male,Clothing,4,79,317
20-01-2024,33,Male,Clothing,4,49,197
09-05-2024,42,Male,Clothing,4,113,452
09-09-2024,51,Female,Clothing,1,39,39
26-07-2024,33,Male,Beauty,3,26,77
19-06-2022,54,Male,Electronics,1,329,329
02-12-2023,45,Male,Sports,1,130,130
10-01-2022,20,Female,Groceries,6,5,28
15-02-2022,61,Male,Beauty,3,56,168
14-01-2022,26,Female,Clothing,2,35,71
12-01-2022,59,Female,Groceries,13,14,181
27-12-2024,36,Female,Groceries,9,12,112
18-03-2024,35,Male,Beauty,2,55,109
05-07-2024,44,Female,Groceries,4,6,26
25-01-2023,22,Male,Groceries,11,11,124
01-02-2022,30,Female,Sports,1,199,199
16-05-2022,54,Male,Groceries,10,13,128
01-09-2024,49,Female,Beauty,2,59,119
06-01-2024,40,Male,Electronics,1,700,700
14-05-2022,33,Female,Groceries,15,9,133
03-11-2022,40,Female,Beauty,3,24,71
24-08-2022,59,Male,Beauty,1,28,28
24-11-2023,63,Male,Clothing,4,69,275
29-10-2024,31,Female,Electronics,2,1128,2256
16-08-2023,51,Female,Clothing,1,66,66
11-04-2024,19,Male,Beauty,3,48,145
01-07-2022,62,Female,Clothing,2,27,54
15-01-2023,30,Male,Beauty,1,11,11
08-09-2023,34,Male,Groceries,11,10,108
31-07-2024,23,Male,Sports,1,106,106
07-04-2022,48,Male,Clothing,2,28,55
03-01-2024,45,Female,Electronics,2,332,664
22-07-2024,31,Female,Electronics,1,1101,1101
19-02-2022,60,Male,Beauty,2,47,95
29-11-2024,31,Female,Beauty,3,36,107
27-06-2024,19,Male,Groceries,12,6,68
14-11-2023,56,Male,Beauty,3,37,112
12-08-2024,22,Male,Clothing,2,91,183
10-11-2024,26,Female,Beauty,1,42,42
14-04-2024,49,Male,Beauty,1,54,54
11-10-2023,54,Female,Electronics,3,1143,3429
13-10-2022,23,Female,Clothing,2,57,115
22-07-2023,35,Male,Beauty,1,45,45
13-10-2024,49,Female,Beauty,3,21,63
27-11-2022,20,Male,Clothing,1,81,81
25-09-2024,40,Female,Groceries,13,4,48
27-01-2023,18,Male,Beauty,3,16,47
14-06-2023,55,Male,Clothing,3,54,161
22-05-2023,18,Female,Sports,2,80,160
22-05-2023,58,Female,Sports,3,31,94
26-01-2024,36,Female,Sports,2,183,366
21-11-2024,57,Male,Sports,2,49,99
03-02-2022,58,Male,Electronics,1,215,215
03-04-2024,65,Male,Electronics,3,1051,3152
02-01-2022,29,Male,Electronics,2,476,951
23-05-2024,41,Male,Groceries,9,13,118
04-09-2023,26,Female,Electronics,2,369,738
26-10-2023,31,Male,Groceries,10,3,31
25-02-2022,65,Female,Sports,1,162,162
22-01-2023,44,Male,Groceries,13,2,29
07-07-2024,65,Male,Clothing,3,26,79
12-02-2023,27,Female,Beauty,1,36,36
09-08-2022,21,Male,Groceries,9,7,61
09-12-2023,35,Male,Sports,3,103,308
06-05-2022,20,Female,Clothing,4,58,232
15-01-2023,35,Male,Groceries,12,2,26
17-04-2023,32,Female,Beauty,3,31,92
22-11-2023,62,Female,Electronics,1,279,279
18-12-2023,42,Female,Beauty,2,18,36
16-02-2022,29,Female,Beauty,3,36,107
16-12-2024,35,Male,Sports,2,92,184
03-08-2022,62,Female,Clothing,3,98,293
05-06-2023,56,Female,Electronics,3,659,1978
31-07-2022,39,Male,Sports,1,158,158
01-01-2023,40,Male,Electronics,2,540,1079
16-01-2024,31,Female,Electronics,1,308,308
08-02-2022,50,Male,Clothing,1,26,26
21-02-2022,29,Female,Clothing,4,40,159
18-06-2022,19,Male,Groceries,6,8,47
31-07-2022,58,Male,Beauty,1,26,26
29-09-2023,32,Male,Sports,1,191,191
15-08-2023,39,Female,Electronics,1,794,794
25-12-2022,58,Female,Sports,2,81,162
13-04-2022,58,Male,Clothing,3,95,286
23-10-2022,32,Male,Groceries,14,13,183
18-07-2024,24,Female,Beauty,3,43,128
07-02-2023,27,Male,Clothing,3,59,178
08-03-2024,63,Female,Electronics,2,905,1810
03-06-2024,19,Male,Electronics,3,311,932
28-02-2023,42,Male,Electronics,3,802,2407
28-11-2024,56,Female,Sports,3,34,101
10-07-2023,49,Female,Sports,2,34,68
22-02-2022,29,Male,Beauty,1,23,23
25-10-2023,27,Female,Sports,1,125,125
29-11-2022,23,Male,Groceries,8,10,83
27-11-2023,35,Female,Electronics,2,992,1984
22-02-2024,54,Female,Beauty,3,10,31
29-01-2023,57,Male,Groceries,8,5,43
06-10-2022,26,Female,Sports,3,132,396
07-07-2022,59,Female,Sports,2,119,239
14-04-2022,34,Female,Sports,2,106,211
27-05-2022,51,Female,Beauty,2,38,77
18-01-2022,62,Female,Beauty,1,34,34
18-09-2023,64,Male,Clothing,1,49,49
19-06-2023,54,Female,Groceries,11,8,89
29-06-2023,63,Female,Electronics,2,1174,2348
02-05-2024,64,Male,Clothing,4,97,390
08-08-2023,41,Female,Sports,1,82,82
10-05-2022,27,Male,Sports,3,88,263
12-11-2022,59,Male,Groceries,3,11,34
28-07-2023,27,Male,Beauty,1,21,21
11-09-2023,62,Female,Beauty,3,52,157
26-06-2023,19,Female,Sports,3,162,486
20-01-2023,37,Male,Clothing,2,77,153
03-09-2022,26,Male,Sports,1,177,177
01-05-2024,52,Female,Electronics,1,463,463
27-09-2023,18,Female,Clothing,2,115,229
11-04-2023,27,Male,Sports,3,74,221
17-05-2022,52,Male,Beauty,1,55,55
15-07-2024,54,Female,Clothing,1,32,32
14-07-2024,26,Male,Beauty,1,46,46
25-10-2024,25,Female,Clothing,4,97,388
11-11-2023,51,Male,Clothing,1,94,94
11-06-2024,43,Male,Sports,1,189,189
03-01-2023,19,Female,Clothing,4,105,422
06-09-2022,32,Male,Electronics,3,835,2505
10-03-2022,34,Female,Beauty,1,40,40
05-07-2022,40,Female,Beauty,2,46,92
19-01-2023,40,Male,Groceries,12,8,96
24-11-2022,28,Female,Beauty,3,43,128
25-04-2022,44,Female,Sports,3,189,568
03-04-2023,51,Female,Clothing,2,117,235
16-09-2024,22,Male,Beauty,3,43,129
12-04-2022,28,Male,Clothing,2,72,144
28-09-2024,24,Female,Beauty,1,42,42
07-10-2022,44,Female,Clothing,1,104,104
30-12-2024,58,Female,Beauty,1,30,30
22-03-2023,32,Female,Sports,2,155,310
10-09-2023,50,Female,Beauty,2,39,78
08-12-2023,60,Male,Beauty,3,11,33
03-05-2024,54,Female,Groceries,9,12,108
03-07-2022,20,Male,Beauty,3,43,129
03-09-2024,37,Male,Electronics,1,742,742
03-01-2023,59,Male,Sports,2,102,204
21-04-2024,58,Female,Electronics,3,332,995
07-05-2023,63,Male,Beauty,1,58,58
29-12-2023,27,Male,Clothing,3,53,159
01-01-2022,54,Male,Sports,3,130,389
28-10-2023,39,Male,Beauty,1,33,33
10-09-2022,36,Male,Beauty,2,32,63
12-03-2023,38,Male,Electronics,3,1077,3230
03-06-2023,32,Male,Clothing,2,67,133
27-09-2022,50,Male,Groceries,9,15,134
02-06-2023,32,Female,Sports,3,47,140
28-07-2022,58,Female,Sports,2,66,133
13-05-2024,52,Male,Beauty,2,29,57
17-05-2023,22,Female,Clothing,1,96,96
30-12-2023,59,Female,Clothing,1,71,71
20-10-2022,60,Female,Sports,1,28,28
01-02-2024,35,Male,Clothing,3,103,309
18-12-2022,30,Male,Sports,1,160,160
15-07-2023,30,Female,Sports,1,43,43
22-02-2024,63,Female,Sports,2,145,290
25-05-2024,25,Male,Groceries,3,2,6
11-06-2022,21,Female,Electronics,3,361,1083
01-12-2022,45,Male,Electronics,3,974,2922
30-03-2023,57,Female,Clothing,1,73,73
05-07-2024,42,Male,Beauty,3,34,101
29-06-2023,20,Female,Beauty,1,13,13
28-10-2024,52,Female,Sports,3,94,283
24-06-2024,52,Male,Electronics,2,598,1196
14-08-2022,32,Female,Clothing,2,23,46
25-01-2024,35,Male,Groceries,13,12,154
28-04-2024,51,Female,Clothing,2,110,220
29-11-2022,37,Female,Groceries,12,11,135
31-05-2024,38,Female,Electronics,2,479,958
07-12-2024,51,Female,Sports,1,181,181
30-07-2024,65,Female,Clothing,1,43,43
29-06-2022,43,Male,Groceries,6,3,15
01-04-2024,63,Female,Clothing,2,91,181
14-02-2022,39,Female,Clothing,1,63,63
04-02-2022,27,Female,Clothing,1,58,58
30-01-2022,41,Male,Sports,2,50,100
01-04-2024,39,Female,Clothing,2,74,147
23-08-2023,54,Male,Electronics,3,529,1588
22-05-2023,45,Female,Clothing,3,48,143
25-08-2022,60,Female,Clothing,4,26,106
09-03-2023,31,Male,Beauty,1,38,38
01-01-2024,49,Male,Beauty,3,48,144
21-06-2024,60,Male,Sports,3,95,284
25-11-2022,54,Female,Beauty,3,59,176
31-12-2023,18,Female,Beauty,2,52,104
16-02-2023,42,Male,Beauty,1,25,25
04-09-2023,24,Male,Beauty,2,34,69
25-03-2023,25,Male,Groceries,9,6,55
08-12-2024,31,Male,Sports,3,54,161
02-04-2022,44,Female,Sports,1,108,108
14-11-2024,22,Female,Electronics,1,1023,1023
03-01-2022,28,Male,Groceries,11,11,126
14-06-2022,48,Female,Clothing,3,45,134
21-03-2023,44,Female,Clothing,1,66,66
12-12-2022,19,Male,Groceries,14,12,172
19-11-2022,60,Female,Sports,3,131,392
27-02-2022,27,Female,Clothing,3,28,83
04-04-2022,60,Female,Beauty,1,24,24
21-06-2024,21,Female,Groceries,10,9,91
08-10-2024,27,Male,Electronics,3,348,1045
12-05-2023,27,Male,Clothing,4,33,133
01-03-2024,54,Male,Clothing,2,39,78
28-07-2023,45,Male,Sports,2,155,311
05-06-2023,56,Male,Groceries,11,7,77
25-10-2022,50,Female,Beauty,1,25,25
24-09-2022,65,Male,Sports,2,95,191
11-03-2024,56,Female,Beauty,2,44,88
27-11-2022,49,Female,Sports,2,67,135
24-04-2022,62,Male,Groceries,4,12,46
17-11-2023,63,Female,Sports,3,143,429
06-01-2023,21,Male,Beauty,3,23,68
17-09-2023,63,Female,Sports,3,96,288
05-12-2022,28,Female,Sports,1,72,72
22-11-2022,42,Male,Beauty,2,52,105
30-03-2022,37,Male,Sports,3,34,102
11-01-2024,36,Male,Groceries,11,12,128
22-08-2024,33,Male,Clothing,3,47,140
30-08-2024,56,Male,Clothing,4,112,446
16-02-2024,62,Male,Beauty,1,29,29
17-10-2022,65,Male,Sports,1,27,27
03-07-2024,58,Male,Beauty,1,34,34
15-06-2024,45,Female,Groceries,6,6,39
31-12-2024,26,Male,Sports,1,192,192
31-12-2022,60,Female,Beauty,1,17,17
11-07-2022,49,Male,Sports,1,73,73
14-03-2024,34,Female,Sports,3,106,319
21-10-2022,64,Male,Electronics,2,467,935
29-10-2022,60,Female,Electronics,1,634,634
07-12-2023,34,Male,Beauty,3,56,168
13-06-2022,56,Female,Clothing,4,68,274
13-08-2024,18,Female,Sports,2,198,395
08-03-2023,57,Male,Clothing,3,28,84
20-07-2023,34,Female,Groceries,14,15,206
29-06-2024,59,Female,Clothing,4,42,167
08-08-2023,50,Male,Groceries,10,12,120
22-04-2022,36,Female,Groceries,15,12,178
05-06-2023,47,Female,Groceries,12,3,38
24-09-2022,53,Male,Groceries,6,8,47
29-09-2023,65,Female,Groceries,12,7,86
22-01-2023,46,Male,Groceries,12,5,59
10-02-2024,48,Female,Beauty,1,39,39
11-03-2022,46,Male,Sports,2,54,107
16-07-2022,47,Female,Beauty,2,38,76
31-12-2023,39,Female,Clothing,2,43,85
06-01-2022,23,Male,Groceries,11,12,135
02-11-2023,51,Female,Sports,3,66,199
04-07-2024,34,Male,Sports,1,108,108
13-01-2024,65,Female,Beauty,2,59,117
15-03-2023,35,Female,Groceries,6,6,39
20-07-2022,52,Male,Beauty,2,32,63
18-06-2023,64,Female,Groceries,5,14,69
13-08-2023,55,Male,Groceries,10,13,133
14-08-2022,34,Male,Groceries,15,4,58
03-09-2023,30,Male,Beauty,3,16,47
24-08-2023,30,Male,Groceries,9,7,63
26-01-2024,28,Female,Sports,1,37,37
01-08-2022,53,Male,Clothing,1,82,82
21-12-2023,24,Female,Beauty,1,31,31
25-09-2024,46,Female,Sports,1,55,55
24-01-2023,63,Male,Sports,2,45,89
27-09-2024,23,Male,Groceries,4,12,47
31-07-2024,55,Male,Groceries,3,13,38
13-10-2022,53,Male,Sports,3,188,564
05-09-2022,56,Male,Sports,3,108,324
09-06-2023,23,Male,Electronics,2,336,671
27-10-2024,59,Male,Groceries,4,5,21
04-01-2022,53,Female,Beauty,3,47,141
07-03-2024,44,Female,Clothing,3,25,76
29-10-2022,49,Female,Clothing,1,65,65
20-02-2023,64,Male,Groceries,6,4,23
24-07-2023,64,Female,Clothing,4,72,289
10-03-2022,34,Male,Sports,2,126,252
25-07-2024,25,Male,Sports,3,166,498
26-08-2022,65,Male,Electronics,3,405,1214
12-04-2022,27,Male,Beauty,2,13,26
10-08-2023,56,Male,Electronics,1,555,555
14-10-2024,46,Female,Electronics,1,660,660
01-06-2024,43,Male,Beauty,1,50,50
02-12-2024,48,Male,Clothing,3,91,272
27-01-2024,40,Male,Groceries,3,6,18
12-03-2024,28,Female,Clothing,4,62,247
29-04-2024,52,Male,Clothing,4,50,199
25-09-2024,43,Female,Electronics,2,1078,2156
19-10-2024,57,Male,Sports,3,181,543
02-03-2022,36,Female,Beauty,3,24,71
24-06-2023,32,Female,Groceries,5,7,34
23-10-2023,64,Female,Sports,2,177,354
21-06-2023,33,Male,Clothing,4,46,184
21-08-2023,63,Female,Beauty,3,14,41
03-08-2024,62,Female,Clothing,2,24,48
02-02-2022,40,Female,Sports,1,104,104
08-01-2024,59,Male,Electronics,1,348,348
15-03-2022,54,Female,Electronics,2,786,1572
10-11-2022,46,Male,Clothing,2,40,81
02-03-2023,36,Male,Beauty,1,54,54
29-10-2023,45,Female,Sports,1,42,42
07-05-2022,19,Female,Sports,1,103,103
23-02-2024,61,Male,Electronics,1,772,772
05-10-2022,45,Female,Clothing,4,64,257
31-12-2024,50,Female,Clothing,2,105,210
21-12-2024,25,Female,Groceries,6,14,84
20-07-2023,38,Female,Beauty,1,22,22
03-12-2024,53,Female,Electronics,2,1082,2163
20-10-2024,36,Male,Clothing,4,54,214
01-08-2022,51,Male,Electronics,3,1097,3290
18-07-2024,45,Male,Beauty,2,32,65
05-08-2023,58,Female,Groceries,3,3,10
13-10-2023,46,Female,Sports,2,69,138
14-02-2024,27,Female,Sports,1,52,52
02-10-2022,38,Male,Beauty,1,15,15
05-11-2024,48,Male,Groceries,13,6,75
23-10-2022,61,Female,Groceries,11,9,99
10-11-2022,52,Female,Sports,2,176,352
11-01-2022,57,Male,Sports,1,113,113
08-01-2024,27,Female,Electronics,1,857,857
17-03-2024,48,Male,Groceries,4,15,60
10-11-2024,40,Male,Electronics,2,858,1717
21-01-2024,39,Male,Electronics,1,777,777
10-05-2022,32,Female,Clothing,2,68,136
13-03-2022,21,Female,Clothing,1,105,105
03-06-2024,28,Male,Beauty,2,32,64
30-12-2022,48,Female,Beauty,2,45,90
23-04-2023,24,Male,Groceries,11,10,109
12-12-2022,51,Female,Electronics,1,674,674
12-10-2023,25,Male,Beauty,1,57,57
30-04-2024,37,Female,Clothing,4,85,341
22-09-2024,43,Male,Clothing,3,100,299
01-06-2023,55,Female,Clothing,4,101,402
03-05-2023,63,Female,Groceries,3,4,11
14-03-2023,48,Male,Groceries,14,5,63
28-07-2022,58,Female,Electronics,2,601,1201
27-10-2022,37,Male,Electronics,3,370,1109
02-05-2023,31,Male,Clothing,3,56,168
23-10-2022,36,Male,Clothing,1,94,94
20-09-2024,30,Male,Groceries,10,5,47
30-06-2023,62,Male,Electronics,2,241,481
22-12-2023,56,Female,Electronics,1,739,739
28-05-2022,22,Male,Electronics,1,403,403
30-10-2024,39,Male,Beauty,3,20,60
04-11-2023,64,Female,Clothing,1,92,92
18-10-2022,62,Male,Sports,3,103,309
17-01-2023,23,Female,Beauty,2,54,108
12-01-2022,19,Male,Sports,2,144,287
30-12-2024,37,Female,Groceries,8,11,85
31-05-2024,37,Female,Clothing,4,87,350
08-11-2023,51,Male,Sports,1,159,159
03-09-2024,31,Male,Sports,1,35,35
06-05-2023,55,Male,Beauty,2,32,65
17-04-2023,34,Female,Beauty,1,39,39
30-06-2024,24,Female,Clothing,2,69,139
03-03-2023,43,Male,Electronics,2,482,964
07-08-2023,33,Female,Groceries,4,2,8
09-06-2024,38,Female,Beauty,1,56,56
01-07-2024,25,Female,Beauty,1,41,41
10-10-2022,25,Male,Clothing,2,45,90
02-02-2022,47,Male,Clothing,1,25,25
17-11-2024,32,Female,Clothing,1,88,88
27-12-2022,54,Male,Beauty,2,51,102
07-12-2022,61,Male,Sports,3,196,587
12-03-2022,30,Male,Groceries,14,12,172
07-10-2023,50,Female,Beauty,1,41,41
10-08-2022,34,Male,Sports,3,178,533
10-04-2023,18,Female,Clothing,4,66,265
07-02-2024,40,Female,Beauty,3,47,140
18-12-2022,64,Female,Beauty,1,10,10
20-09-2022,40,Female,Electronics,2,722,1444
19-03-2022,44,Female,Groceries,10,11,106
08-05-2022,64,Male,Sports,2,154,308
12-08-2023,23,Female,Groceries,3,15,44
13-09-2022,22,Male,Sports,1,36,36
07-06-2023,63,Female,Electronics,1,1048,1048
18-02-2024,53,Female,Groceries,11,13,140
10-08-2022,63,Male,Beauty,3,14,41
26-10-2022,53,Female,Groceries,11,6,66
11-01-2023,28,Male,Beauty,2,13,25
17-02-2024,60,Female,Clothing,2,99,198
09-11-2022,23,Female,Clothing,1,45,45
09-02-2023,34,Male,Groceries,7,10,72
21-06-2024,31,Male,Sports,2,190,380
16-02-2023,27,Male,Groceries,12,12,140
10-01-2023,58,Male,Electronics,2,219,439
18-04-2023,43,Female,Sports,2,187,373
03-05-2023,46,Female,Sports,2,69,138
25-02-2023,54,Male,Groceries,9,10,88
26-04-2022,35,Female,Clothing,2,62,123
12-01-2024,25,Female,Beauty,1,57,57
11-08-2022,43,Male,Sports,2,134,269
08-03-2023,18,Female,Sports,3,90,269
23-03-2022,38,Male,Clothing,2,77,154
24-05-2024,45,Male,Sports,2,147,294
13-08-2023,59,Female,Beauty,2,23,47
14-10-2024,52,Female,Clothing,2,26,51
26-12-2022,50,Male,Sports,1,119,119
01-01-2022,51,Female,Clothing,4,37,148
19-12-2022,24,Female,Groceries,9,8,74
06-04-2024,33,Female,Groceries,10,8,76
17-10-2024,54,Male,Groceries,6,3,16
22-04-2022,36,Female,Electronics,1,870,870
01-02-2024,40,Female,Electronics,3,608,1825
04-12-2023,35,Male,Groceries,12,8,91
17-06-2023,21,Male,Groceries,4,9,35
21-11-2023,47,Male,Clothing,4,48,193
24-09-2024,31,Female,Groceries,8,5,42
22-10-2024,41,Female,Electronics,3,840,2520
09-12-2022,46,Male,Electronics,3,695,2084
01-04-2023,61,Female,Beauty,1,12,12
15-11-2024,58,Female,Clothing,3,26,78
28-01-2023,49,Female,Groceries,12,4,43
16-04-2022,38,Female,Sports,1,134,134
07-09-2023,61,Male,Groceries,9,11,95
11-08-2022,32,Male,Beauty,2,55,111
06-11-2022,54,Female,Electronics,1,769,769
21-04-2022,48,Female,Groceries,15,11,163
26-10-2022,31,Male,Clothing,1,68,68
06-07-2023,46,Female,Electronics,1,437,437
04-08-2022,46,Female,Electronics,1,1140,1140
10-03-2023,22,Male,Sports,1,122,122
19-05-2022,54,Male,Electronics,1,257,257
17-10-2024,54,Female,Beauty,3,44,133
02-08-2024,44,Male,Electronics,2,280,560
30-08-2023,33,Male,Sports,1,50,50
23-06-2024,65,Male,Clothing,1,29,29
28-12-2022,34,Female,Beauty,1,12,12
06-10-2022,58,Male,Sports,3,170,510
24-02-2023,60,Male,Groceries,15,14,207
16-11-2022,63,Male,Beauty,3,27,82
26-09-2023,49,Male,Groceries,6,8,48
25-09-2023,57,Female,Beauty,3,35,104
04-02-2022,51,Male,Sports,1,162,162
17-04-2024,29,Female,Sports,2,196,392
10-11-2022,34,Female,Clothing,1,113,113
27-10-2024,60,Male,Clothing,3,28,85
10-07-2024,65,Female,Electronics,2,833,1666
31-08-2022,56,Male,Clothing,2,90,180
12-05-2024,27,Female,Sports,3,43,130
13-02-2024,24,Female,Sports,1,173,173
13-02-2024,28,Female,Groceries,10,2,22
27-08-2022,40,Male,Clothing,2,65,130
26-06-2023,33,Male,Beauty,1,42,42
29-05-2023,55,Male,Groceries,8,3,27
22-01-2023,60,Male,Groceries,9,4,36
26-10-2023,61,Female,Clothing,4,72,287
12-06-2024,28,Female,Sports,1,193,193
09-07-2022,49,Female,Electronics,1,1181,1181
19-01-2024,19,Female,Beauty,1,24,24
20-07-2022,45,Female,Groceries,7,14,99
03-03-2024,42,Female,Clothing,4,89,356
09-10-2023,50,Female,Beauty,3,41,123
07-01-2023,33,Male,Clothing,2,79,158
10-01-2023,54,Male,Sports,2,185,370
27-01-2023,32,Female,Sports,3,47,142
23-04-2022,35,Female,Sports,2,182,365
04-09-2022,43,Female,Groceries,7,12,82
22-06-2023,65,Male,Groceries,15,5,75
12-08-2022,55,Female,Electronics,1,649,649
04-07-2024,57,Male,Electronics,2,273,547
07-04-2022,48,Male,Electronics,2,1158,2315
26-03-2022,50,Female,Electronics,3,919,2757
24-10-2022,24,Female,Clothing,2,84,168
17-07-2022,23,Male,Beauty,1,27,27
25-09-2023,28,Female,Sports,1,180,180
19-05-2023,51,Male,Sports,3,139,417
21-07-2024,20,Female,Sports,2,94,189
09-06-2022,38,Male,Groceries,10,15,148
12-05-2024,31,Male,Clothing,3,93,280
29-04-2023,49,Female,Groceries,10,9,94
30-09-2023,29,Female,Groceries,10,5,48
03-01-2023,46,Male,Groceries,3,14,41
12-07-2023,56,Male,Beauty,3,13,38
04-05-2023,55,Male,Groceries,14,6,87
12-02-2024,30,Female,Electronics,2,404,809
27-12-2023,21,Female,Sports,1,143,143
20-07-2023,34,Female,Electronics,1,405,405
17-09-2022,45,Male,Electronics,2,207,413
08-12-2024,46,Male,Electronics,3,872,2617
02-01-2023,34,Male,Clothing,2,48,97
18-03-2023,26,Male,Beauty,1,15,15
15-01-2024,53,Male,Clothing,1,32,32
06-07-2024,45,Male,Electronics,2,384,769
03-12-2024,42,Male,Beauty,3,25,74
18-08-2023,65,Female,Sports,3,173,520
08-06-2023,63,Male,Beauty,2,10,20
15-04-2022,46,Female,Clothing,2,33,67
02-05-2022,29,Male,Electronics,3,380,1141
27-09-2023,54,Male,Clothing,2,105,210
26-10-2022,64,Male,Electronics,2,1035,2070
10-12-2023,54,Female,Sports,1,173,173
25-10-2022,30,Female,Electronics,1,1144,1144
29-01-2022,52,Female,Clothing,2,21,41
25-02-2024,22,Female,Beauty,2,55,110
22-10-2022,52,Male,Groceries,9,4,34
21-09-2024,42,Female,Sports,1,168,168
27-10-2023,57,Female,Beauty,1,49,49
04-04-2024,47,Female,Electronics,2,722,1444
11-03-2023,27,Female,Clothing,3,68,203
04-03-2023,45,Male,Electronics,3,292,876
08-11-2022,50,Female,Beauty,1,39,39
05-07-2022,41,Male,Clothing,3,55,164
29-04-2024,44,Male,Beauty,2,23,45
22-09-2023,55,Female,Electronics,1,741,741
20-10-2024,20,Female,Electronics,3,628,1885
12-04-2022,31,Male,Groceries,6,7,44
16-01-2022,36,Male,Clothing,1,96,96
25-10-2024,33,Male,Beauty,3,44,131
09-08-2024,38,Male,Sports,1,197,197
19-08-2022,22,Female,Beauty,1,24,24
02-09-2024,47,Male,Electronics,1,947,947
13-08-2022,65,Female,Sports,3,147,442
10-04-2024,46,Female,Groceries,8,3,22
14-02-2024,33,Female,Sports,1,98,98
19-06-2023,27,Male,Electronics,1,790,790
20-01-2023,47,Male,Sports,1,84,84
24-11-2024,29,Male,Beauty,1,20,20
30-03-2022,36,Male,Clothing,3,54,161
03-05-2023,64,Male,Beauty,1,43,43
07-08-2024,25,Female,Electronics,1,709,709
15-09-2022,21,Male,Electronics,3,285,856
17-04-2023,49,Male,Groceries,6,14,87
20-03-2022,23,Female,Sports,1,63,63
05-06-2022,52,Male,Groceries,13,15,191
30-07-2022,49,Female,Clothing,3,81,242
24-03-2024,65,Female,Clothing,3,96,287
19-03-2022,64,Male,Groceries,15,6,95
06-06-2022,55,Male,Groceries,6,9,52
15-09-2022,26,Male,Beauty,2,23,45
17-02-2024,41,Male,Clothing,4,26,106
16-11-2023,45,Male,Sports,1,133,133
28-04-2023,43,Male,Groceries,8,6,48
25-05-2023,47,Male,Sports,1,171,171
27-01-2023,28,Female,Clothing,1,115,115
16-07-2022,22,Male,Beauty,3,37,111
02-02-2024,31,Male,Electronics,3,815,2445
21-08-2022,45,Female,Clothing,3,79,238
05-12-2022,57,Female,Beauty,3,18,53
22-03-2023,62,Female,Sports,3,191,574
15-07-2022,45,Female,Clothing,3,56,169
20-12-2024,30,Female,Sports,3,52,157
27-08-2022,63,Male,Groceries,8,5,36
02-03-2022,60,Female,Groceries,3,5,14
07-08-2022,48,Male,Beauty,1,18,18
16-10-2024,34,Male,Sports,2,199,398
11-01-2023,54,Female,Beauty,1,58,58
28-01-2022,37,Female,Beauty,2,25,50
11-01-2023,56,Female,Groceries,13,6,79
19-11-2024,46,Male,Electronics,2,724,1448
12-02-2022,65,Female,Sports,2,101,202
08-03-2024,21,Female,Groceries,13,5,62
22-03-2024,24,Female,Groceries,3,9,28
16-01-2022,48,Female,Beauty,3,53,158
20-08-2023,61,Female,Sports,3,66,197
06-08-2022,44,Female,Beauty,2,42,83
30-09-2024,58,Male,Electronics,3,289,866
29-10-2022,18,Male,Clothing,1,22,22
27-09-2024,51,Female,Sports,3,60,180
02-10-2022,27,Female,Groceries,14,13,181
13-07-2024,39,Male,Electronics,1,360,360
19-12-2023,39,Male,Groceries,6,9,51
16-09-2022,36,Male,Sports,1,66,66
03-11-2024,46,Male,Electronics,1,242,242
22-02-2023,65,Male,Beauty,1,18,18
12-11-2022,31,Female,Beauty,2,56,113
01-08-2023,50,Female,Sports,3,187,560
16-01-2024,49,Male,Sports,3,172,517
11-06-2022,36,Female,Electronics,1,379,379
17-09-2023,18,Female,Sports,2,143,287
11-06-2023,64,Male,Electronics,2,833,1666
07-02-2023,60,Female,Beauty,2,32,65
24-09-2022,25,Female,Groceries,7,7,50
20-08-2022,29,Male,Beauty,1,34,34
13-09-2023,62,Male,Groceries,8,8,66
10-09-2022,44,Female,Groceries,5,2,10
29-12-2024,29,Male,Groceries,8,12,97
27-01-2023,48,Female,Sports,3,85,255
24-03-2023,59,Female,Groceries,14,8,112
01-12-2023,63,Male,Clothing,4,88,353
18-09-2023,38,Male,Electronics,3,857,2570
01-10-2024,27,Male,Clothing,3,68,205
29-03-2023,54,Male,Beauty,3,15,45
09-11-2024,36,Female,Sports,2,145,290
17-02-2022,23,Male,Sports,2,90,181
13-02-2022,54,Male,Beauty,3,46,138
03-04-2023,49,Female,Sports,2,156,313
16-12-2023,55,Female,Clothing,2,55,109
06-02-2023,50,Female,Sports,1,168,168
05-05-2024,34,Female,Groceries,13,11,142
27-02-2022,65,Female,Electronics,1,1086,1086
24-04-2024,30,Male,Beauty,3,30,89
21-05-2022,61,Female,Groceries,13,14,177
11-12-2024,50,Female,Sports,1,42,42
22-10-2022,44,Male,Beauty,2,38,76
27-10-2022,53,Female,Groceries,9,12,112
25-01-2024,47,Male,Clothing,4,104,415
07-03-2023,24,Female,Beauty,1,44,44
15-02-2023,28,Female,Sports,3,97,292
20-12-2022,21,Male,Clothing,1,57,57
19-11-2024,22,Female,Sports,2,110,220
22-12-2024,40,Male,Sports,1,132,132
10-08-2022,44,Female,Groceries,6,7,42
05-12-2022,19,Female,Sports,1,103,103
20-05-2023,58,Male,Clothing,2,97,193
15-01-2022,52,Male,Beauty,1,29,29
18-10-2023,41,Female,Beauty,1,45,45
17-08-2022,39,Male,Electronics,1,937,937
10-01-2023,37,Male,Groceries,10,3,34
29-07-2022,37,Male,Electronics,3,1154,3462
07-03-2022,35,Male,Sports,1,178,178
14-04-2022,63,Female,Sports,3,76,228
10-10-2023,39,Male,Clothing,2,72,145
24-03-2022,50,Female,Groceries,4,7,27
13-10-2022,36,Female,Beauty,3,45,136
24-10-2022,52,Female,Clothing,4,86,343
03-01-2024,30,Male,Groceries,3,10,31
13-11-2024,32,Male,Sports,1,148,148
20-09-2022,28,Male,Sports,1,147,147
28-04-2023,45,Female,Sports,2,186,372
26-01-2022,60,Male,Electronics,1,334,334
01-08-2022,35,Male,Electronics,2,264,528
05-10-2023,48,Male,Clothing,1,116,116
28-04-2023,50,Female,Electronics,2,613,1226
26-08-2022,28,Female,Beauty,1,35,35
08-10-2023,51,Female,Clothing,4,24,94
11-12-2024,19,Male,Beauty,2,44,87
21-10-2024,56,Male,Sports,1,40,40
16-09-2023,53,Female,Electronics,2,465,929
12-07-2023,42,Male,Groceries,9,6,58
16-06-2024,48,Male,Beauty,1,50,50
13-10-2023,39,Female,Electronics,2,1025,2050
06-08-2022,18,Male,Groceries,15,8,116
10-02-2023,23,Male,Clothing,1,108,108
17-11-2022,18,Female,Sports,3,43,130
02-11-2024,54,Female,Sports,2,101,201
20-03-2022,28,Female,Beauty,3,19,56
24-11-2023,18,Female,Clothing,2,72,145
16-06-2024,62,Male,Beauty,1,51,51
29-08-2023,56,Male,Beauty,1,44,44
18-03-2024,31,Female,Beauty,3,43,128
25-11-2023,57,Male,Sports,2,149,299
22-05-2023,50,Female,Beauty,2,42,84
01-11-2023,22,Female,Groceries,3,13,38
15-04-2022,21,Male,Electronics,1,628,628
09-03-2024,60,Male,Clothing,2,85,171
24-07-2023,65,Female,Beauty,3,27,82
04-07-2023,33,Male,Sports,1,67,67
17-01-2022,52,Female,Groceries,12,8,102
25-10-2022,47,Male,Clothing,3,76,228
17-02-2022,62,Female,Groceries,3,6,19
21-05-2024,33,Female,Groceries,9,10,88
24-12-2022,36,Male,Clothing,2,66,132
07-08-2024,26,Female,Sports,1,196,196
29-04-2023,57,Male,Clothing,4,113,452
06-10-2022,25,Male,Electronics,1,458,458
08-09-2024,51,Male,Clothing,1,95,95
01-01-2023,31,Female,Electronics,2,848,1697
08-02-2024,39,Male,Groceries,5,5,23
04-03-2022,28,Female,Clothing,4,97,388
24-07-2022,32,Male,Clothing,4,107,430
07-05-2022,40,Male,Sports,3,178,533
30-09-2023,26,Female,Clothing,4,95,381
07-02-2023,28,Male,Clothing,4,34,136
08-05-2023,60,Male,Beauty,3,40,121
16-05-2024,50,Male,Clothing,1,71,71
28-12-2024,55,Male,Beauty,1,41,41
25-01-2022,53,Male,Electronics,2,559,1118
23-09-2022,23,Male,Groceries,12,5,59
09-04-2023,44,Female,Sports,3,29,86
11-09-2023,41,Male,Groceries,7,11,77
20-03-2022,19,Female,Groceries,14,11,159
29-08-2024,43,Female,Electronics,3,1022,3065
15-11-2023,61,Male,Beauty,2,48,96
16-08-2022,42,Male,Clothing,1,79,79
29-02-2024,28,Male,Sports,1,43,43
17-09-2024,52,Male,Clothing,1,79,79
11-03-2022,48,Female,Sports,1,56,56
06-12-2023,29,Male,Electronics,3,617,1851
14-11-2023,35,Female,Clothing,2,58,116
02-11-2024,58,Male,Sports,3,28,83
07-10-2022,52,Male,Groceries,5,5,23
15-05-2023,32,Male,Electronics,3,929,2788
13-08-2022,23,Female,Beauty,3,33,99
24-12-2023,50,Female,Groceries,11,4,42
10-03-2023,37,Female,Groceries,9,8,70
22-08-2023,23,Male,Beauty,3,13,40
27-06-2024,50,Male,Electronics,2,296,592
23-12-2024,40,Male,Electronics,3,1182,3545
01-07-2022,53,Male,Clothing,1,27,27
09-05-2024,63,Male,Clothing,4,103,413
06-06-2024,18,Male,Clothing,3,31,93
03-01-2023,49,Male,Beauty,3,10,31
04-08-2024,53,Female,Clothing,1,32,32
14-07-2024,23,Female,Sports,1,64,64
14-06-2022,58,Male,Clothing,4,75,298
19-09-2024,50,Male,Sports,3,177,530
19-01-2023,37,Male,Sports,2,117,233
28-12-2024,40,Male,Beauty,2,16,32
30-08-2024,43,Female,Beauty,3,25,74
02-03-2023,40,Female,Clothing,3,70,210
22-01-2022,25,Male,Groceries,3,9,28
10-12-2024,46,Male,Beauty,3,54,162
21-12-2022,52,Female,Clothing,3,104,312
05-07-2023,27,Female,Clothing,4,80,321
27-06-2022,58,Male,Electronics,3,343,1029
25-12-2023,48,Male,Groceries,13,4,51
23-11-2024,61,Female,Sports,1,91,91
20-02-2022,25,Female,Electronics,2,1094,2189
09-01-2023,26,Male,Groceries,7,3,20
21-01-2023,26,Female,Clothing,3,22,65
19-01-2023,37,Female,Beauty,1,30,30
28-03-2023,25,Male,Electronics,2,1059,2119
17-07-2023,42,Male,Beauty,1,21,21
06-12-2023,40,Male,Sports,3,68,204
20-10-2024,57,Male,Beauty,1,14,14
27-10-2022,51,Female,Beauty,3,26,78
04-05-2024,42,Female,Beauty,1,60,60
04-08-2022,45,Female,Sports,3,43,128
20-11-2023,53,Female,Sports,1,102,102
02-12-2022,39,Male,Beauty,3,16,47
26-05-2024,51,Female,Beauty,1,51,51
07-05-2022,41,Male,Beauty,2,14,27
07-10-2024,26,Male,Sports,3,169,508
11-09-2022,49,Male,Sports,1,128,128
27-03-2022,64,Male,Electronics,3,911,2732
28-02-2023,29,Male,Sports,3,185,556
14-11-2024,18,Male,Clothing,1,77,77
03-07-2024,60,Male,Beauty,1,50,50
16-04-2022,60,Male,Beauty,3,40,120
13-05-2022,51,Male,Sports,2,73,145
16-10-2023,27,Female,Clothing,3,42,126
26-02-2024,20,Female,Clothing,2,22,44
19-07-2022,36,Male,Beauty,1,24,24
21-04-2023,21,Male,Clothing,3,77,232
22-01-2024,35,Male,Groceries,14,7,99
25-01-2022,64,Female,Groceries,10,5,48
27-11-2023,35,Male,Clothing,3,33,99
07-02-2023,28,Male,Groceries,14,9,133
23-09-2024,22,Male,Sports,3,171,514
14-01-2024,32,Male,Groceries,15,10,145
08-12-2024,51,Female,Clothing,3,38,115
01-04-2023,33,Male,Groceries,11,8,83
02-11-2023,19,Female,Groceries,14,10,136
19-11-2023,40,Male,Clothing,3,63,190
26-09-2023,18,Female,Clothing,3,76,228
28-02-2024,53,Female,Clothing,4,118,471
14-03-2024,42,Female,Clothing,2,114,229
12-08-2024,18,Male,Beauty,2,52,103
23-11-2023,38,Female,Sports,3,178,533
29-06-2023,34,Female,Beauty,3,11,32
30-06-2022,58,Female,Clothing,1,91,91
23-06-2022,28,Male,Beauty,1,40,40
11-06-2024,24,Female,Electronics,1,356,356
10-09-2023,57,Female,Groceries,13,10,130
25-01-2022,27,Female,Electronics,3,956,2867
07-02-2023,59,Female,Sports,1,59,59
15-08-2024,55,Male,Groceries,9,10,91
22-12-2023,52,Female,Groceries,9,10,86
08-08-2023,48,Female,Clothing,3,43,128
22-12-2023,43,Male,Electronics,3,706,2117
13-04-2024,47,Male,Sports,2,112,225
23-12-2023,35,Male,Electronics,2,248,496
20-05-2023,40,Male,Groceries,9,5,43
20-08-2023,28,Female,Beauty,2,43,85
14-05-2024,23,Female,Electronics,1,538,538
28-11-2022,35,Male,Groceries,13,7,86
23-03-2022,56,Female,Groceries,6,13,79
09-03-2023,33,Male,Beauty,1,15,15
18-06-2023,64,Male,Sports,2,35,70
06-01-2024,31,Male,Clothing,2,103,205
24-01-2024,29,Male,Sports,2,51,102
09-09-2022,23,Female,Clothing,4,101,405
24-07-2023,51,Female,Sports,1,80,80
18-01-2022,28,Male,Electronics,1,1150,1150
29-12-2022,50,Male,Groceries,5,8,41
13-04-2023,36,Female,Electronics,1,981,981
26-12-2023,53,Female,Clothing,4,53,214
21-01-2022,31,Female,Clothing,2,62,124
05-08-2023,50,Female,Groceries,15,12,181
14-10-2024,55,Male,Beauty,3,15,46
28-12-2022,41,Male,Beauty,3,45,135
04-11-2023,50,Female,Groceries,14,7,104
21-07-2024,18,Female,Electronics,1,701,701
21-07-2022,61,Male,Beauty,3,17,51
23-01-2024,43,Male,Sports,2,125,249
24-10-2022,21,Male,Electronics,3,1115,3346
11-10-2024,63,Female,Electronics,3,564,1692
18-11-2024,30,Male,Beauty,2,58,116
07-10-2022,42,Male,Clothing,1,51,51
08-05-2022,40,Male,Sports,3,75,225
30-10-2022,60,Female,Beauty,3,35,104
25-11-2022,49,Female,Groceries,4,11,44
07-01-2022,40,Male,Beauty,2,57,115
24-03-2024,42,Female,Beauty,1,43,43
02-03-2022,48,Female,Clothing,4,117,467
08-07-2023,41,Female,Groceries,7,11,79
21-11-2023,33,Female,Groceries,14,4,52
05-06-2023,49,Male,Electronics,1,1128,1128
27-02-2024,30,Female,Groceries,10,12,118
27-08-2024,39,Male,Groceries,8,6,51
09-08-2023,61,Female,Clothing,2,100,200
11-06-2023,62,Female,Groceries,8,6,46
11-01-2023,22,Female,Sports,1,49,49
11-08-2023,51,Male,Electronics,3,219,657
17-10-2022,64,Male,Clothing,4,34,138
18-09-2023,48,Male,Groceries,7,13,92
25-02-2024,32,Male,Sports,1,120,120
01-07-2024,61,Male,Beauty,2,35,70
21-11-2024,29,Male,Clothing,2,54,108
01-08-2024,38,Male,Clothing,3,105,315
02-12-2023,41,Female,Electronics,1,597,597
05-10-2024,29,Female,Electronics,2,700,1401
01-10-2022,47,Female,Electronics,3,526,1579
12-05-2022,39,Female,Clothing,3,72,216
09-02-2023,44,Male,Groceries,8,8,68
24-01-2022,41,Female,Clothing,4,29,114
14-12-2024,59,Female,Groceries,9,12,109
11-06-2024,32,Female,Clothing,2,57,113
05-03-2024,61,Female,Groceries,10,9,92
08-06-2022,18,Female,Groceries,6,12,74
03-11-2022,44,Female,Clothing,4,36,145
06-03-2024,52,Female,Clothing,2,67,134
10-10-2022,57,Male,Beauty,1,29,29
13-04-2023,32,Female,Groceries,13,3,41
01-09-2024,34,Female,Clothing,3,95,285
03-06-2022,50,Female,Beauty,3,50,150
22-10-2022,46,Male,Electronics,1,591,591
24-12-2023,44,Female,Electronics,3,514,1541
02-08-2022,55,Female,Beauty,3,58,175
09-12-2023,55,Male,Electronics,1,636,636
24-02-2022,19,Female,Beauty,1,25,25
06-11-2022,20,Female,Clothing,3,64,191
23-07-2024,38,Female,Electronics,2,795,1590
17-12-2024,43,Female,Electronics,3,562,1686
13-05-2024,25,Male,Clothing,2,46,93
04-07-2024,55,Female,Beauty,3,34,101
27-10-2022,25,Male,Beauty,1,57,57
27-04-2024,20,Male,Beauty,1,11,11
19-09-2022,20,Female,Clothing,4,105,420
02-04-2022,22,Female,Groceries,14,15,209
31-03-2024,51,Female,Sports,3,147,442
23-06-2023,19,Female,Clothing,3,107,322
10-08-2022,53,Female,Sports,1,152,152
18-01-2022,47,Female,Clothing,4,95,379
11-03-2024,65,Male,Groceries,11,10,107
04-03-2024,19,Male,Groceries,4,9,35
06-11-2023,42,Male,Groceries,5,13,66
25-02-2022,24,Male,Groceries,6,14,85
15-07-2023,63,Male,Clothing,4,68,272
04-09-2023,48,Female,Sports,2,83,167
20-02-2022,23,Male,Beauty,2,47,95
04-06-2022,58,Female,Clothing,1,81,81
11-07-2024,35,Male,Clothing,1,62,62
21-04-2022,39,Female,Groceries,12,6,75
14-03-2023,46,Male,Electronics,2,1090,2181
08-12-2023,40,Male,Sports,2,121,242
03-12-2022,43,Male,Sports,1,40,40
08-02-2024,56,Female,Beauty,1,28,28
25-12-2024,36,Male,Groceries,12,8,98
07-11-2023,65,Female,Clothing,4,116,466
07-06-2024,22,Female,Electronics,2,516,1031
08-06-2024,52,Female,Electronics,3,1011,3034
27-09-2023,54,Female,Beauty,1,32,32
07-06-2024,45,Female,Beauty,2,48,97
26-04-2022,45,Female,Groceries,9,10,87
30-06-2023,33,Female,Sports,3,112,337
07-10-2022,56,Male,Groceries,5,6,31
07-02-2023,20,Female,Groceries,12,13,156
21-05-2024,51,Male,Groceries,10,3,28
26-03-2023,25,Female,Clothing,4,46,184
20-11-2024,43,Female,Groceries,3,15,44
08-07-2023,26,Female,Groceries,3,6,19
28-11-2024,28,Female,Groceries,5,7,36
28-01-2022,44,Female,Electronics,1,597,597
21-08-2022,24,Male,Groceries,7,6,42
11-11-2023,33,Female,Electronics,3,381,1143
07-07-2023,58,Male,Sports,2,84,167
20-11-2024,53,Female,Clothing,1,34,34
28-03-2023,38,Female,Clothing,2,63,126
14-03-2022,41,Female,Sports,1,31,31
06-11-2022,19,Male,Electronics,2,594,1189
07-09-2022,56,Male,Groceries,3,11,32
14-10-2024,46,Male,Groceries,15,8,113
09-11-2022,33,Male,Clothing,3,107,320
18-04-2024,23,Male,Electronics,2,325,649
21-07-2024,22,Male,Clothing,4,58,232
05-02-2022,60,Female,Clothing,2,84,169
10-08-2022,43,Male,Beauty,3,12,37
07-12-2022,32,Female,Sports,1,190,190
05-12-2023,46,Female,Beauty,1,12,12
16-10-2024,40,Female,Beauty,2,13,26
02-10-2023,56,Female,Electronics,1,200,200
17-11-2022,62,Male,Groceries,9,9,79
07-03-2022,55,Male,Electronics,1,392,392
14-07-2024,30,Male,Electronics,2,1013,2025
31-05-2022,40,Female,Clothing,3,92,275
10-07-2024,64,Female,Beauty,3,52,155
29-08-2023,58,Female,Beauty,3,21,64
19-05-2022,50,Female,Beauty,1,22,22
21-10-2023,26,Female,Electronics,1,494,494
07-07-2022,28,Female,Clothing,2,47,93
12-01-2024,46,Female,Clothing,4,46,184
08-09-2024,32,Female,Beauty,2,41,82
10-08-2022,31,Female,Groceries,12,10,121
04-04-2022,24,Female,Clothing,2,56,113
27-06-2023,29,Female,Electronics,1,909,909
17-12-2024,39,Male,Clothing,1,49,49
12-12-2024,46,Female,Electronics,1,756,756
06-02-2022,53,Male,Clothing,1,91,91
05-07-2022,21,Male,Beauty,2,48,95
27-05-2024,61,Male,Electronics,2,783,1566
16-05-2022,35,Female,Groceries,10,4,43
14-05-2024,61,Male,Beauty,3,44,131
18-10-2024,37,Male,Groceries,13,12,150
26-03-2022,20,Male,Electronics,1,485,485
22-12-2024,43,Female,Electronics,3,332,996
25-09-2024,51,Female,Groceries,11,12,131
04-09-2022,40,Female,Groceries,11,6,62
23-02-2023,59,Male,Clothing,4,76,304
22-12-2023,21,Female,Groceries,15,11,166
27-10-2023,38,Male,Groceries,4,12,49
06-07-2022,18,Male,Beauty,2,23,45
03-03-2023,40,Female,Groceries,12,13,151
11-09-2024,40,Male,Electronics,2,291,582
30-05-2022,62,Female,Sports,2,27,55
03-03-2022,63,Male,Electronics,2,425,850
08-11-2023,51,Male,Beauty,2,50,100
14-05-2023,31,Female,Beauty,1,20,20
14-07-2024,50,Male,Electronics,2,1122,2244
02-03-2024,59,Male,Sports,2,99,199
06-04-2024,35,Female,Sports,2,191,382
10-05-2024,30,Female,Clothing,1,52,52
12-10-2024,54,Female,Clothing,2,63,126
29-05-2022,45,Male,Beauty,1,25,25
11-05-2022,25,Male,Clothing,1,94,94
17-11-2022,50,Male,Sports,2,108,215
01-01-2022,25,Male,Groceries,8,8,66
27-04-2024,45,Male,Clothing,4,41,164
06-04-2022,59,Male,Groceries,12,13,160
14-09-2022,27,Female,Electronics,2,894,1789
18-11-2024,47,Female,Electronics,1,759,759
16-08-2022,35,Male,Clothing,1,116,116
07-11-2023,60,Female,Groceries,11,12,135
09-06-2022,53,Male,Clothing,4,29,115
18-02-2023,40,Male,Groceries,4,11,45
06-11-2022,42,Female,Electronics,3,910,2730
17-07-2022,52,Male,Sports,2,185,371
26-02-2023,43,Female,Electronics,3,665,1996
26-09-2024,47,Male,Clothing,2,59,118
04-11-2023,19,Male,Sports,3,129,386
06-04-2024,49,Male,Electronics,1,699,699
08-03-2022,62,Male,Electronics,2,1035,2069
09-07-2022,40,Male,Clothing,3,23,70
13-10-2024,56,Male,Sports,2,75,150
07-01-2024,47,Male,Sports,2,100,199
24-06-2023,25,Male,Sports,1,187,187
15-02-2024,39,Female,Clothing,3,107,322
26-06-2022,30,Female,Beauty,1,20,20
01-08-2023,62,Female,Sports,3,135,404
13-06-2023,19,Male,Beauty,1,13,13
16-12-2024,31,Female,Groceries,3,5,15
23-12-2022,36,Female,Beauty,1,22,22
08-12-2022,40,Female,Clothing,4,43,171
12-07-2022,49,Female,Beauty,1,56,56
27-04-2022,37,Female,Groceries,3,3,8
02-09-2024,19,Female,Electronics,3,411,1234
03-10-2023,53,Female,Groceries,13,7,91
28-08-2022,23,Male,Beauty,2,34,68
27-08-2024,47,Male,Electronics,3,567,1700
17-02-2024,23,Male,Sports,1,94,94
04-07-2023,22,Female,Beauty,3,54,161
08-10-2023,42,Male,Beauty,1,35,35
24-03-2024,39,Female,Beauty,3,22,67
24-08-2022,50,Female,Electronics,1,490,490
24-05-2024,27,Male,Electronics,1,229,229
18-01-2023,50,Female,Clothing,1,42,42
28-06-2024,61,Male,Electronics,2,382,763
15-08-2024,62,Female,Beauty,3,21,64
22-02-2023,48,Female,Sports,1,117,117
19-05-2022,40,Female,Beauty,1,52,52
02-08-2023,40,Male,Clothing,2,52,105
22-12-2023,19,Female,Groceries,3,11,34
07-04-2023,37,Male,Electronics,3,243,729
22-02-2022,38,Male,Beauty,1,30,30
23-12-2024,36,Female,Beauty,1,15,15
10-06-2024,47,Female,Clothing,1,106,106
23-12-2022,32,Female,Beauty,2,40,81
04-11-2023,31,Female,Sports,3,86,257
15-12-2023,58,Male,Electronics,2,358,717
27-10-2022,37,Female,Clothing,2,77,154
05-05-2023,63,Female,Electronics,2,893,1786
26-09-2024,30,Female,Groceries,15,12,182
19-02-2023,45,Female,Electronics,3,740,2221
18-11-2024,39,Female,Electronics,2,655,1311
18-02-2023,26,Male,Beauty,1,17,17
13-08-2022,59,Male,Beauty,1,16,16
10-07-2024,59,Male,Beauty,2,30,61
13-01-2024,27,Female,Beauty,3,43,129
30-06-2022,27,Female,Clothing,3,103,308
06-02-2022,25,Male,Electronics,1,389,389
11-12-2023,27,Female,Sports,2,187,374
26-10-2023,59,Male,Beauty,1,36,36
30-04-2023,27,Female,Groceries,13,2,30
04-10-2023,41,Female,Groceries,10,14,141
08-04-2023,47,Female,Electronics,1,560,560
09-06-2023,23,Male,Clothing,1,110,110
04-08-2023,50,Female,Clothing,2,105,209
20-09-2022,45,Male,Sports,3,197,591
01-05-2022,32,Female,Clothing,4,117,469
31-01-2023,62,Male,Electronics,3,569,1707
02-03-2024,37,Female,Clothing,3,39,116
05-07-2023,51,Male,Electronics,2,1001,2002
06-05-2024,22,Male,Groceries,8,13,103
22-11-2022,64,Female,Sports,3,175,525
17-06-2022,40,Male,Electronics,3,1006,3018
22-03-2024,51,Female,Electronics,1,470,470
08-08-2022,64,Male,Sports,1,128,128
17-09-2022,46,Female,Clothing,3,36,108
01-03-2022,64,Male,Groceries,11,8,87
21-02-2023,28,Female,Beauty,1,28,28
31-10-2022,50,Male,Groceries,13,3,44
28-05-2024,45,Male,Beauty,3,43,128
03-01-2024,56,Female,Sports,1,181,181
29-09-2023,42,Female,Sports,3,104,311
14-01-2023,42,Male,Sports,1,57,57
05-02-2024,34,Female,Clothing,1,32,32
03-07-2023,28,Male,Electronics,1,692,692
30-10-2022,54,Female,Sports,1,68,68
26-11-2023,57,Female,Sports,3,135,404
29-11-2023,59,Female,Beauty,1,20,20
02-12-2022,65,Female,Clothing,2,84,168
03-04-2022,29,Female,Groceries,14,12,162
25-08-2024,63,Female,Beauty,3,17,52
20-02-2022,33,Male,Groceries,4,9,34
07-02-2023,57,Female,Clothing,2,82,163
27-07-2022,54,Male,Sports,3,105,314
20-01-2024,65,Female,Electronics,2,1098,2196
27-07-2024,39,Male,Electronics,2,832,1663
31-03-2024,63,Male,Groceries,10,6,55
04-03-2022,27,Female,Beauty,1,21,21
22-02-2023,49,Female,Groceries,15,15,218
22-12-2023,23,Male,Clothing,1,62,62
30-12-2023,19,Female,Electronics,1,495,495
01-09-2022,18,Female,Beauty,3,34,102
01-04-2023,42,Male,Groceries,8,14,111
05-04-2024,22,Male,Clothing,3,28,83
18-02-2024,32,Female,Clothing,2,78,156
29-07-2024,47,Female,Groceries,4,4,17
29-01-2023,19,Female,Clothing,1,111,111
08-06-2023,60,Female,Beauty,3,54,161
03-07-2024,34,Male,Beauty,3,53,158
24-12-2024,30,Male,Beauty,1,51,51
21-02-2022,54,Female,Clothing,2,50,100
16-08-2023,48,Male,Electronics,1,428,428
04-06-2022,53,Male,Beauty,3,25,75
13-12-2024,34,Male,Beauty,2,12,24
15-05-2023,18,Female,Electronics,1,758,758
30-09-2023,44,Female,Sports,3,151,452
31-03-2023,36,Male,Groceries,15,10,150
07-07-2023,59,Male,Groceries,10,2,21
04-05-2024,39,Male,Groceries,9,4,33
22-12-2024,18,Female,Clothing,4,72,287
29-09-2024,38,Female,Sports,1,86,86
21-02-2022,51,Female,Electronics,2,241,481
09-02-2022,54,Male,Electronics,2,1138,2276
28-02-2022,20,Female,Groceries,11,10,109
10-04-2023,21,Female,Groceries,12,5,61
29-01-2024,38,Female,Sports,1,127,127
08-06-2023,41,Female,Electronics,3,324,972
04-10-2024,39,Male,Clothing,2,59,117
23-08-2024,25,Female,Electronics,3,842,2525
06-06-2023,44,Female,Clothing,3,93,279
23-10-2024,21,Female,Sports,3,46,137
20-09-2023,24,Male,Groceries,14,10,138
05-05-2024,34,Female,Beauty,1,44,44
20-06-2023,33,Male,Clothing,1,50,50
31-07-2022,44,Male,Beauty,1,52,52
28-01-2024,26,Female,Beauty,1,60,60
18-10-2024,59,Female,Electronics,1,469,469
02-12-2024,39,Female,Electronics,2,469,937
17-08-2024,27,Female,Clothing,3,45,134
05-02-2022,36,Male,Clothing,4,53,213
14-06-2023,39,Female,Clothing,2,55,109
31-12-2023,32,Male,Beauty,3,40,120
19-08-2022,47,Female,Electronics,1,651,651
16-05-2024,55,Male,Electronics,2,815,1630
18-10-2022,21,Male,Clothing,3,51,152
12-07-2023,19,Female,Groceries,11,4,45
11-07-2023,53,Male,Sports,2,90,180
07-04-2023,38,Male,Clothing,2,75,149
23-06-2023,48,Female,Beauty,2,17,33
07-11-2024,56,Male,Clothing,1,33,33
21-08-2023,34,Male,Clothing,3,71,213
14-06-2024,46,Female,Electronics,2,581,1162
01-08-2022,38,Male,Electronics,1,499,499
16-12-2022,61,Male,Clothing,3,40,120
23-10-2024,36,Female,Electronics,3,1093,3279
09-04-2024,22,Male,Clothing,2,70,139
13-01-2022,28,Male,Clothing,2,89,179
12-04-2022,56,Female,Electronics,1,489,489
30-05-2024,59,Male,Clothing,4,44,175
25-06-2024,49,Male,Beauty,3,59,176
23-11-2022,24,Female,Clothing,4,104,416
01-04-2023,56,Male,Groceries,12,6,66
25-01-2024,31,Female,Beauty,2,36,72
22-10-2022,42,Female,Beauty,1,47,47
23-07-2022,45,Female,Sports,2,37,74
30-12-2022,32,Female,Sports,3,150,450
12-10-2022,58,Female,Clothing,4,80,319
10-01-2024,42,Female,Electronics,3,714,2142
14-07-2023,29,Female,Sports,1,140,140
10-04-2024,57,Male,Beauty,1,11,11
05-03-2022,53,Male,Beauty,2,57,114
06-12-2024,31,Female,Groceries,9,13,119
18-04-2023,57,Female,Electronics,3,1158,3475
18-05-2024,22,Female,Electronics,3,492,1475
19-05-2022,28,Female,Sports,1,26,26
15-07-2022,34,Male,Clothing,3,112,335
26-04-2022,33,Male,Clothing,1,57,57
13-01-2023,32,Female,Sports,2,32,63
15-01-2022,38,Female,Electronics,2,277,553
19-02-2023,22,Female,Electronics,2,381,762
28-06-2024,43,Male,Electronics,2,919,1837
03-11-2024,23,Male,Electronics,1,406,406
10-09-2023,45,Female,Sports,2,111,222
11-04-2022,21,Female,Beauty,1,32,32
16-05-2024,59,Female,Sports,1,142,142
19-03-2024,43,Male,Beauty,1,32,32
29-10-2023,65,Male,Clothing,4,39,158
10-01-2024,41,Female,Beauty,2,29,59
18-05-2022,42,Female,Clothing,4,35,140
30-11-2024,63,Female,Sports,3,154,462
29-01-2024,64,Male,Electronics,1,379,379
09-07-2023,57,Female,Clothing,3,32,97
15-01-2024,44,Female,Electronics,2,483,966
08-02-2024,23,Male,Electronics,3,1050,3149
17-01-2024,53,Male,Groceries,7,6,43
24-09-2022,27,Female,Clothing,1,54,54
19-10-2024,25,Female,Electronics,3,1098,3294
29-03-2024,47,Female,Beauty,3,15,46
15-11-2023,55,Male,Clothing,3,45,134
16-12-2024,37,Female,Groceries,7,11,78
26-07-2023,23,Male,Clothing,1,89,89
12-09-2023,48,Female,Sports,3,107,322
24-10-2023,51,Male,Electronics,2,836,1672
30-10-2022,56,Female,Electronics,3,900,2701
27-04-2024,35,Male,Sports,3,43,129
21-09-2024,27,Female,Sports,2,139,278
17-08-2024,52,Female,Electronics,1,527,527
28-06-2024,41,Female,Sports,3,67,202
26-10-2022,38,Male,Beauty,1,39,39
06-10-2024,35,Female,Beauty,3,19,57
23-01-2023,59,Male,Electronics,1,779,779
07-11-2024,31,Male,Beauty,2,20,39
16-10-2024,28,Female,Beauty,2,58,117
25-05-2023,28,Male,Clothing,3,104,312
03-10-2023,34,Female,Groceries,13,12,157
29-10-2023,29,Male,Groceries,11,10,107
13-12-2023,47,Male,Clothing,4,75,299
15-12-2022,46,Male,Sports,1,56,56
21-01-2022,59,Female,Groceries,9,4,35
12-09-2022,38,Female,Beauty,1,26,26
19-09-2023,35,Male,Beauty,1,51,51
08-01-2022,47,Male,Clothing,3,81,244
09-10-2023,41,Male,Clothing,2,97,194
15-12-2023,58,Male,Groceries,14,12,169
21-05-2023,35,Male,Sports,3,189,566
23-02-2024,44,Female,Groceries,3,10,29
30-03-2024,61,Male,Groceries,9,9,79
05-07-2023,26,Female,Sports,2,27,55
12-07-2023,32,Female,Sports,3,74,221
18-10-2022,56,Female,Electronics,3,402,1207
28-02-2024,62,Female,Groceries,6,4,23
08-03-2024,36,Male,Sports,2,86,172
03-09-2022,31,Male,Groceries,5,2,11
09-08-2023,34,Female,Groceries,3,6,17
12-07-2023,42,Female,Sports,1,64,64
22-07-2022,52,Male,Groceries,3,10,31
17-01-2023,35,Male,Electronics,2,468,935
22-12-2024,59,Male,Beauty,1,47,47
27-01-2022,30,Female,Electronics,3,1028,3083
20-10-2024,53,Male,Electronics,1,374,374
22-02-2023,60,Female,Beauty,2,11,22
27-11-2024,35,Female,Clothing,2,68,135
18-04-2023,48,Male,Groceries,9,13,115
02-05-2024,24,Male,Electronics,3,560,1679
05-06-2024,57,Female,Sports,3,109,328
05-11-2024,61,Male,Groceries,5,12,59
14-10-2022,31,Male,Clothing,2,93,186
15-02-2022,19,Female,Groceries,15,11,171
08-10-2024,46,Female,Beauty,3,19,56
28-03-2022,61,Male,Electronics,2,418,837
12-02-2022,62,Male,Groceries,15,10,155
30-05-2023,18,Female,Electronics,2,608,1216
08-12-2023,59,Male,Clothing,1,103,103
18-02-2022,49,Male,Sports,1,66,66
07-04-2024,50,Male,Electronics,1,629,629
21-05-2022,65,Male,Sports,2,160,319
25-11-2024,43,Female,Sports,3,131,392
09-12-2022,37,Female,Clothing,4,20,81
04-05-2024,43,Male,Groceries,4,9,36
16-09-2024,32,Male,Electronics,3,788,2363
30-01-2022,36,Male,Groceries,8,8,66
02-10-2024,44,Female,Sports,2,153,306
17-01-2023,33,Male,Groceries,5,5,27
24-03-2022,65,Female,Clothing,2,29,58
31-10-2024,54,Female,Groceries,7,10,70
12-12-2022,35,Male,Sports,1,120,120
20-04-2024,58,Female,Groceries,4,13,50
19-04-2022,50,Female,Sports,3,100,300
21-03-2024,48,Male,Beauty,2,33,67
04-10-2023,40,Male,Sports,1,128,128
11-12-2022,22,Female,Electronics,2,1158,2316
07-05-2022,58,Male,Beauty,2,30,60
29-10-2022,53,Male,Electronics,1,1144,1144
27-01-2024,42,Male,Groceries,13,13,175
13-01-2024,23,Female,Groceries,14,11,151
02-10-2022,47,Male,Groceries,11,8,88
24-01-2023,51,Female,Beauty,2,54,107
04-02-2023,20,Female,Groceries,10,9,90
08-02-2023,64,Male,Sports,1,180,180
08-02-2022,22,Female,Sports,1,185,185
31-07-2023,59,Female,Groceries,7,3,20
25-09-2023,60,Female,Electronics,3,354,1061
01-07-2023,38,Male,Beauty,3,56,168
14-06-2022,58,Male,Clothing,4,110,440
21-12-2022,37,Female,Beauty,1,48,48
26-05-2024,26,Male,Clothing,4,102,410
06-11-2022,49,Female,Electronics,1,1056,1056
12-06-2022,30,Female,Groceries,4,9,37
20-03-2022,58,Male,Electronics,3,659,1977
28-08-2023,63,Male,Sports,2,54,108
15-03-2024,54,Female,Beauty,2,42,85
31-10-2024,60,Male,Sports,2,77,153
10-09-2022,39,Female,Groceries,6,3,21
18-09-2024,47,Male,Beauty,3,50,150
18-06-2022,54,Male,Groceries,4,7,26
20-04-2022,39,Male,Electronics,2,983,1965
16-04-2022,53,Female,Beauty,3,22,66
13-10-2023,35,Male,Sports,3,168,505
21-11-2022,32,Male,Groceries,7,12,83
22-05-2022,40,Male,Beauty,3,44,131
16-07-2023,29,Male,Sports,3,113,340
16-01-2023,65,Male,Clothing,1,105,105
28-12-2024,34,Male,Clothing,1,99,99
31-01-2022,36,Female,Electronics,3,1051,3153
02-10-2023,21,Female,Clothing,1,61,61
14-08-2023,61,Female,Sports,1,133,133
31-12-2023,46,Male,Electronics,1,281,281
09-11-2022,60,Female,Groceries,5,3,15
13-05-2024,48,Female,Sports,3,54,163
09-08-2022,40,Female,Clothing,1,86,86
08-01-2023,43,Male,Clothing,1,24,24
08-06-2024,25,Male,Beauty,3,35,106
18-11-2023,33,Female,Electronics,3,896,2688
22-02-2022,50,Male,Groceries,5,14,69
05-09-2023,19,Female,Clothing,4,73,291
09-12-2023,42,Male,Groceries,13,13,171
14-03-2023,46,Female,Clothing,2,93,185
20-07-2022,32,Male,Groceries,7,12,82
28-03-2024,37,Male,Electronics,3,720,2160
12-07-2022,32,Male,Clothing,4,71,283
25-12-2023,46,Female,Groceries,5,9,44
05-08-2022,25,Female,Clothing,4,102,409
25-06-2023,42,Male,Clothing,3,92,276
17-04-2023,36,Female,Clothing,1,77,77
21-11-2022,24,Male,Groceries,6,10,63
21-06-2023,49,Male,Sports,1,68,68
25-10-2024,52,Female,Electronics,3,331,994
12-12-2024,48,Female,Sports,3,96,287
26-09-2024,57,Male,Electronics,3,1149,3447
19-05-2024,41,Female,Clothing,1,110,110
29-06-2023,51,Female,Groceries,6,2,14
26-11-2023,64,Male,Groceries,6,4,26
25-04-2023,27,Female,Electronics,3,948,2843
09-01-2022,39,Male,Beauty,1,19,19
29-04-2023,23,Female,Groceries,11,14,156
04-01-2023,53,Male,Sports,2,116,233
09-05-2022,30,Female,Electronics,3,472,1417
21-07-2023,35,Female,Electronics,2,220,439
03-11-2024,20,Male,Beauty,1,49,49
29-10-2024,26,Female,Groceries,7,11,75
01-07-2022,60,Male,Groceries,15,10,146
10-05-2022,62,Male,Sports,1,101,101
29-04-2022,34,Male,Sports,2,59,118
28-11-2022,20,Male,Groceries,6,6,34
27-05-2022,31,Male,Clothing,1,88,88
17-12-2024,38,Female,Beauty,2,56,113
10-07-2024,51,Male,Beauty,2,12,24
22-02-2022,34,Female,Sports,1,185,185
30-07-2023,41,Female,Clothing,3,59,176
22-09-2023,34,Female,Sports,1,133,133
28-09-2022,30,Female,Clothing,3,30,91
31-05-2022,40,Female,Sports,2,131,261
02-04-2024,24,Male,Electronics,1,542,542
16-12-2022,54,Female,Clothing,2,45,91
16-06-2023,33,Female,Sports,2,174,349
11-09-2022,33,Male,Electronics,1,896,896
02-02-2023,41,Female,Electronics,1,770,770
15-06-2022,63,Female,Beauty,3,23,69
01-08-2022,20,Male,Groceries,11,8,87
17-01-2023,29,Female,Electronics,2,509,1019
22-05-2022,42,Female,Groceries,13,2,31
03-09-2022,39,Female,Clothing,1,86,86
08-06-2024,65,Male,Groceries,13,4,56
26-06-2022,43,Female,Electronics,1,738,738
24-05-2022,51,Male,Sports,2,159,318
26-11-2024,57,Male,Sports,3,180,540
05-02-2023,21,Male,Clothing,2,99,198
23-10-2023,44,Female,Electronics,1,272,272
02-10-2022,48,Male,Electronics,1,357,357
14-05-2024,35,Male,Groceries,12,5,65
28-05-2024,65,Female,Electronics,2,275,551
18-01-2024,45,Female,Sports,2,174,349
02-11-2022,21,Female,Clothing,4,98,390
08-11-2023,63,Female,Electronics,2,1085,2169
14-12-2023,58,Male,Sports,1,178,178
22-06-2023,28,Female,Beauty,3,33,99
04-05-2024,20,Female,Sports,2,196,391
23-02-2024,43,Male,Groceries,4,14,54
23-11-2022,62,Male,Sports,2,143,286
01-01-2024,27,Female,Groceries,9,13,121
12-02-2024,63,Male,Beauty,2,22,44
19-10-2024,59,Female,Electronics,1,362,362
15-12-2024,59,Female,Groceries,14,11,151
24-02-2024,43,Female,Groceries,3,10,31
02-01-2024,60,Female,Clothing,3,98,295
19-12-2024,56,Male,Sports,2,72,144
23-01-2023,26,Female,Electronics,2,1076,2153
15-05-2024,44,Male,Electronics,3,815,2445
20-03-2024,51,Female,Sports,3,142,425
13-02-2022,62,Female,Electronics,1,562,562
27-08-2023,25,Male,Sports,3,159,476
18-11-2022,47,Male,Beauty,3,59,176
05-01-2023,20,Female,Electronics,2,457,915
21-07-2022,23,Female,Groceries,13,6,81
31-10-2024,47,Male,Electronics,2,294,589
21-07-2023,61,Male,Electronics,2,540,1081
06-02-2024,53,Female,Clothing,2,100,200
03-06-2024,53,Male,Beauty,3,50,150
25-03-2023,52,Female,Beauty,3,44,133
25-08-2023,55,Male,Beauty,3,51,152
12-03-2024,32,Female,Clothing,1,22,22
03-05-2024,33,Male,Clothing,2,90,180
26-06-2023,48,Male,Sports,2,161,323
09-08-2022,46,Female,Groceries,5,8,39
28-09-2023,42,Female,Sports,3,161,482
25-10-2022,28,Female,Beauty,2,15,29
11-01-2022,63,Male,Sports,3,67,202
18-11-2022,60,Male,Beauty,3,48,145
19-02-2024,44,Female,Sports,3,73,219
24-03-2023,37,Male,Electronics,1,274,274
28-10-2024,21,Male,Electronics,1,874,874
20-12-2023,40,Female,Electronics,3,482,1445
16-06-2023,44,Male,Clothing,3,44,133
02-09-2024,59,Male,Groceries,10,6,61
26-05-2022,42,Female,Beauty,3,54,163
15-10-2023,55,Female,Beauty,3,49,146
26-12-2023,46,Male,Electronics,3,244,733
14-01-2024,47,Male,Electronics,2,880,1759
08-02-2023,36,Female,Sports,1,70,70
22-03-2022,57,Male,Beauty,1,42,42
23-08-2022,62,Male,Sports,2,86,171
31-10-2022,39,Female,Groceries,14,6,86
25-06-2024,58,Female,Beauty,3,41,124
17-11-2024,40,Male,Sports,2,87,174
24-10-2022,27,Male,Groceries,6,4,24
25-08-2024,20,Female,Sports,3,98,294
03-09-2023,25,Male,Electronics,1,822,822
09-10-2023,29,Female,Clothing,3,90,270
16-05-2022,31,Female,Groceries,7,6,41
14-08-2024,36,Male,Sports,3,116,348
01-12-2023,32,Male,Groceries,3,6,19
20-02-2023,57,Male,Sports,3,104,313
27-02-2022,49,Male,Clothing,4,84,334
14-05-2022,54,Male,Sports,2,86,171
03-09-2024,45,Male,Sports,3,65,196
18-02-2023,19,Male,Beauty,3,13,38
02-10-2022,41,Female,Electronics,3,227,680
13-07-2023,20,Female,Sports,2,147,294
19-08-2022,46,Female,Sports,1,166,166
06-01-2024,64,Male,Clothing,1,92,92
11-05-2024,35,Male,Electronics,2,881,1762
10-02-2024,38,Male,Electronics,1,1038,1038
17-06-2022,62,Female,Electronics,1,822,822
16-03-2022,27,Female,Sports,1,38,38
28-12-2023,33,Male,Clothing,4,50,199
03-05-2024,63,Male,Beauty,3,12,36
04-09-2023,24,Male,Beauty,1,57,57
24-05-2023,26,Male,Groceries,5,9,47
10-05-2023,20,Female,Clothing,3,72,216
12-09-2022,53,Female,Groceries,11,6,61
07-09-2022,44,Female,Groceries,8,9,71
17-05-2023,30,Male,Clothing,4,29,117
16-09-2022,57,Male,Electronics,1,1123,1123
13-05-2023,36,Male,Groceries,6,9,54
03-12-2024,56,Male,Beauty,2,46,93
14-01-2024,56,Male,Electronics,2,569,1138
15-07-2022,54,Female,Groceries,6,12,75
07-05-2024,28,Male,Electronics,1,491,491
23-10-2023,52,Male,Clothing,2,44,89
29-10-2024,51,Female,Electronics,1,901,901
14-03-2022,28,Male,Clothing,3,87,262
02-03-2022,36,Male,Electronics,3,1117,3352
24-11-2023,64,Female,Clothing,4,89,355
30-11-2022,37,Female,Clothing,3,93,279
03-12-2023,49,Female,Electronics,3,266,799
16-07-2023,36,Male,Sports,3,183,548
05-10-2023,45,Female,Electronics,2,1009,2018
08-04-2022,30,Male,Beauty,3,56,167
08-09-2023,40,Male,Clothing,4,86,343
02-10-2023,55,Female,Clothing,1,110,110
25-08-2022,33,Male,Sports,2,111,223
13-10-2023,61,Female,Sports,3,109,326
05-04-2023,59,Female,Beauty,2,48,96
27-07-2024,62,Female,Groceries,6,7,39
31-03-2024,50,Male,Sports,3,83,250
08-01-2023,60,Male,Beauty,3,42,126
14-01-2022,30,Male,Electronics,2,447,894
05-04-2022,28,Female,Beauty,2,26,52
06-01-2023,28,Female,Groceries,12,5,55
24-01-2022,37,Male,Clothing,4,55,218
12-05-2023,25,Male,Electronics,2,654,1308
19-04-2023,29,Male,Beauty,2,14,27
31-08-2024,30,Male,Sports,1,135,135
20-05-2022,27,Male,Electronics,1,475,475
07-07-2024,38,Male,Groceries,6,9,51
20-08-2024,21,Male,Sports,1,142,142
14-02-2023,20,Female,Sports,3,152,456
18-09-2022,28,Female,Clothing,3,116,347
30-03-2024,43,Male,Sports,1,119,119
22-04-2024,32,Female,Electronics,1,685,685
13-01-2023,35,Male,Sports,1,104,104
09-12-2023,58,Female,Sports,1,88,88
28-04-2023,27,Female,Groceries,3,6,19
29-12-2024,21,Female,Beauty,2,14,29
16-02-2022,62,Male,Beauty,2,46,93
05-12-2024,21,Female,Beauty,1,12,12
30-09-2024,40,Female,Beauty,1,20,20
14-03-2022,42,Male,Sports,2,115,229
24-06-2023,32,Female,Electronics,3,1076,3229
29-10-2024,52,Female,Beauty,3,17,50
21-09-2024,27,Female,Groceries,11,4,44
20-04-2022,47,Female,Groceries,5,11,53
09-09-2023,39,Male,Groceries,6,5,30
07-08-2022,23,Male,Beauty,3,49,148
27-08-2023,62,Female,Beauty,3,25,74
01-02-2024,46,Male,Sports,1,36,36
23-03-2023,28,Female,Groceries,6,9,56
01-09-2022,44,Female,Beauty,2,53,107
23-11-2022,18,Female,Sports,1,33,33
06-05-2022,25,Male,Beauty,3,44,132
26-05-2023,22,Female,Beauty,1,31,31
30-03-2022,65,Male,Clothing,4,106,423
01-07-2024,33,Female,Beauty,3,35,106
05-07-2022,44,Male,Clothing,1,93,93
29-03-2022,33,Male,Electronics,3,395,1185
31-08-2024,41,Female,Sports,2,64,128
30-03-2023,31,Male,Groceries,7,12,87
12-01-2024,47,Male,Beauty,1,32,32
27-10-2024,21,Male,Electronics,1,548,548
26-07-2022,31,Male,Sports,2,51,102
19-12-2023,28,Male,Clothing,1,97,97
22-02-2023,42,Female,Clothing,2,110,220
27-05-2022,38,Male,Clothing,2,57,114
07-10-2024,45,Female,Beauty,1,57,57
11-03-2023,51,Female,Clothing,1,77,77
07-08-2023,21,Female,Beauty,2,32,64
07-07-2022,32,Male,Clothing,1,100,100
27-07-2022,20,Male,Electronics,1,862,862
03-10-2023,65,Male,Beauty,2,46,93
07-07-2022,64,Female,Electronics,1,973,973
03-01-2022,57,Female,Clothing,2,101,201
26-11-2022,43,Female,Electronics,3,1061,3182
27-11-2022,61,Female,Clothing,3,116,348
02-02-2024,65,Male,Electronics,3,398,1194
08-02-2024,35,Female,Clothing,2,47,95
24-09-2022,53,Female,Electronics,1,301,301
05-08-2024,22,Female,Beauty,3,33,100
02-08-2022,46,Female,Electronics,1,445,445
02-07-2024,64,Male,Clothing,2,84,167
20-04-2023,54,Female,Electronics,1,366,366
11-02-2024,43,Male,Beauty,3,19,57
01-06-2024,43,Male,Electronics,3,736,2208
30-12-2023,27,Female,Groceries,4,14,55
20-04-2024,63,Female,Electronics,2,267,534
11-02-2023,19,Female,Electronics,2,938,1876
14-05-2023,49,Male,Groceries,12,7,83
14-01-2023,57,Female,Electronics,1,785,785
02-01-2023,39,Male,Clothing,1,40,40
25-09-2023,29,Female,Groceries,7,13,94
13-03-2022,53,Female,Electronics,2,528,1055
25-04-2024,22,Female,Clothing,3,93,278
31-12-2023,23,Male,Beauty,3,39,116
31-12-2022,44,Female,Sports,1,97,97
20-01-2023,30,Female,Clothing,1,85,85
08-07-2024,51,Male,Sports,3,154,463
01-09-2022,22,Male,Beauty,1,12,12
19-07-2024,39,Male,Sports,1,128,128
17-10-2024,23,Female,Sports,2,70,139
25-03-2024,36,Male,Sports,1,178,178
17-04-2023,24,Male,Groceries,7,3,18
12-08-2022,40,Female,Beauty,1,48,48
30-12-2023,65,Female,Sports,3,193,578
25-08-2024,49,Male,Beauty,3,18,53
20-10-2022,53,Male,Electronics,1,1111,1111
28-04-2023,50,Female,Groceries,8,12,99
09-11-2023,28,Female,Beauty,1,42,42
03-08-2022,61,Female,Electronics,1,832,832
19-07-2023,22,Female,Groceries,4,3,11
18-07-2022,44,Male,Sports,1,131,131
25-08-2022,19,Male,Electronics,1,716,716
27-12-2024,24,Female,Clothing,2,105,210
16-01-2023,19,Female,Groceries,8,10,79
20-04-2023,24,Male,Groceries,8,14,113
04-05-2022,33,Female,Sports,3,113,340
27-02-2022,62,Male,Beauty,1,52,52
17-11-2023,40,Male,Beauty,2,10,20
05-11-2022,51,Female,Clothing,2,113,225
14-09-2023,18,Female,Clothing,2,44,87
26-12-2024,18,Male,Electronics,2,230,460
18-02-2022,31,Male,Beauty,3,50,151
24-04-2023,55,Male,Beauty,2,27,54
11-06-2023,28,Male,Clothing,1,39,39
11-03-2022,30,Female,Beauty,3,24,73
21-10-2022,57,Male,Beauty,3,46,137
16-08-2024,60,Male,Beauty,1,49,49
25-03-2024,41,Female,Clothing,1,63,63
05-05-2024,59,Female,Groceries,14,2,28
02-08-2024,30,Male,Electronics,1,502,502
26-01-2024,23,Male,Beauty,2,33,67
16-04-2023,64,Female,Beauty,3,55,164
09-12-2022,27,Female,Groceries,11,8,83
07-03-2024,50,Male,Electronics,2,844,1688
02-05-2024,53,Male,Beauty,3,31,94
10-01-2023,25,Male,Sports,3,106,318
30-05-2022,18,Male,Beauty,3,14,43
07-04-2024,63,Male,Beauty,1,22,22
04-08-2022,43,Male,Groceries,12,3,41
27-01-2024,28,Male,Groceries,11,4,49
25-03-2022,33,Male,Beauty,3,49,147
21-10-2024,49,Male,Beauty,3,56,167
13-12-2023,48,Female,Beauty,3,33,100
02-11-2024,44,Male,Beauty,2,30,60
05-02-2023,18,Female,Beauty,1,10,10
05-12-2022,26,Female,Clothing,4,33,132
16-12-2022,20,Female,Groceries,3,6,18
12-10-2022,49,Female,Clothing,3,78,233
28-02-2023,24,Female,Sports,1,183,183
02-06-2024,50,Female,Electronics,2,921,1842
15-06-2022,48,Female,Sports,3,112,336
18-06-2023,26,Female,Beauty,1,22,22
16-10-2023,47,Male,Beauty,2,59,118
23-02-2023,27,Female,Sports,2,40,80
17-01-2024,31,Male,Beauty,2,25,49
30-01-2022,50,Female,Beauty,1,41,41
25-07-2022,40,Male,Groceries,12,15,177
06-01-2022,39,Male,Groceries,7,15,104
07-05-2023,52,Male,Clothing,4,107,428
26-04-2022,43,Male,Electronics,1,689,689
28-03-2024,30,Male,Sports,2,81,162
19-05-2023,23,Female,Groceries,6,8,48
22-05-2022,52,Female,Clothing,1,44,44
24-04-2023,48,Female,Groceries,3,14,41
04-06-2023,59,Male,Groceries,10,2,22
02-10-2024,65,Male,Beauty,3,49,146
08-07-2023,46,Female,Clothing,2,38,75
26-02-2024,34,Female,Clothing,3,83,250
15-10-2022,36,Male,Beauty,1,59,59
22-04-2022,28,Female,Electronics,3,1058,3175
26-05-2024,29,Male,Groceries,8,15,118
26-03-2024,61,Male,Electronics,2,626,1252
31-10-2022,46,Female,Electronics,1,943,943
16-02-2024,65,Female,Groceries,14,7,103
06-09-2024,50,Male,Sports,1,135,135
18-01-2023,45,Female,Sports,3,53,158
24-02-2023,57,Male,Sports,1,105,105
26-03-2022,42,Female,Sports,3,62,185
08-03-2023,39,Female,Beauty,2,52,103
09-03-2023,25,Male,Sports,2,40,81
15-03-2023,23,Male,Groceries,6,11,65
04-12-2024,23,Male,Groceries,6,8,46
19-11-2024,31,Female,Beauty,3,22,67
02-01-2022,58,Female,Beauty,2,30,60
23-05-2024,58,Male,Sports,1,172,172
01-07-2022,37,Male,Clothing,2,23,46
09-11-2022,53,Male,Electronics,3,608,1824
04-07-2024,37,Male,Clothing,4,63,252
29-06-2024,61,Female,Groceries,8,7,59
12-12-2024,46,Female,Electronics,2,1198,2396
10-02-2024,61,Female,Groceries,15,2,33
05-01-2024,18,Female,Beauty,3,55,166
04-09-2022,39,Female,Sports,2,99,198
04-01-2024,37,Female,Clothing,1,97,97
01-06-2024,37,Female,Beauty,2,19,39
01-07-2022,38,Male,Clothing,3,69,206
28-04-2024,33,Female,Electronics,1,392,392
07-04-2024,53,Female,Clothing,4,103,412
13-09-2024,63,Female,Electronics,2,768,1536
21-05-2023,39,Male,Clothing,2,71,141
01-07-2022,63,Male,Clothing,3,75,226
19-01-2022,30,Female,Sports,3,164,491
13-03-2023,18,Male,Sports,2,63,125
24-05-2023,37,Female,Electronics,3,374,1121
09-02-2022,53,Female,Beauty,1,12,12
16-12-2023,55,Male,Sports,3,101,302
24-06-2022,18,Male,Groceries,3,9,28
13-03-2024,35,Male,Beauty,2,57,115
29-07-2024,38,Female,Electronics,1,756,756
24-12-2024,27,Female,Groceries,3,15,44
07-12-2024,28,Female,Sports,1,61,61
17-04-2024,32,Male,Electronics,3,939,2817
15-08-2024,61,Male,Beauty,2,50,100
19-09-2022,55,Female,Groceries,4,5,21
19-06-2022,57,Female,Clothing,3,29,88
29-05-2022,45,Male,Sports,3,44,133
03-07-2024,30,Female,Electronics,1,671,671
25-03-2022,45,Male,Electronics,1,1168,1168
16-12-2023,62,Female,Electronics,3,343,1029
14-05-2022,34,Female,Sports,1,157,157
01-01-2023,64,Male,Electronics,2,606,1212
20-02-2024,59,Female,Sports,2,199,399
07-10-2022,41,Male,Groceries,9,12,110
09-07-2024,32,Male,Groceries,6,3,20
11-11-2024,35,Female,Groceries,7,12,82
03-08-2022,63,Female,Clothing,2,66,132
25-01-2022,47,Male,Groceries,4,12,48
07-08-2024,41,Male,Electronics,2,689,1377
15-10-2022,34,Male,Beauty,2,47,93
24-11-2022,37,Male,Electronics,1,918,918
14-10-2023,24,Male,Groceries,9,5,45
16-09-2024,33,Female,Beauty,3,18,55
28-05-2024,18,Male,Groceries,9,4,35
11-12-2023,19,Female,Sports,1,44,44
02-11-2023,27,Male,Clothing,3,112,337
30-10-2022,29,Female,Clothing,4,113,452
29-05-2022,51,Female,Groceries,9,12,108
01-09-2022,46,Female,Beauty,2,47,95
22-10-2023,24,Male,Electronics,1,1054,1054
10-12-2024,23,Male,Beauty,1,21,21
28-05-2022,29,Female,Beauty,1,41,41
17-03-2022,48,Male,Sports,2,80,161
22-06-2024,24,Female,Sports,2,106,212
16-09-2023,43,Male,Sports,3,149,447
19-09-2024,48,Female,Electronics,1,686,686
13-11-2022,51,Male,Electronics,1,559,559
29-05-2023,51,Female,Clothing,3,42,125
12-09-2022,36,Female,Electronics,1,740,740
04-08-2022,51,Female,Electronics,3,670,2011
21-12-2022,63,Male,Clothing,1,103,103
17-01-2023,64,Male,Electronics,2,346,692
22-04-2023,64,Male,Groceries,9,7,65
03-09-2024,55,Male,Electronics,2,552,1103
17-08-2022,34,Male,Sports,3,98,294
22-02-2022,31,Female,Electronics,1,550,550
12-02-2024,31,Male,Electronics,2,346,692
17-01-2022,19,Male,Clothing,2,66,133
08-08-2022,37,Female,Electronics,3,526,1579
11-09-2024,36,Male,Beauty,3,58,174
21-06-2023,59,Female,Groceries,10,12,116
28-01-2023,31,Female,Groceries,8,4,33
19-10-2024,61,Female,Beauty,2,49,99
12-04-2022,35,Male,Electronics,2,262,525
25-06-2024,35,Female,Clothing,2,119,237
21-10-2022,61,Female,Electronics,3,430,1289
05-11-2022,39,Female,Groceries,9,12,110
08-08-2023,30,Male,Beauty,1,57,57
13-01-2023,57,Male,Groceries,5,9,45
29-01-2022,38,Male,Beauty,3,49,147
15-02-2022,37,Female,Beauty,2,13,25
21-04-2024,22,Male,Clothing,3,89,268
16-05-2022,27,Male,Electronics,1,544,544
07-08-2023,42,Male,Electronics,1,215,215
07-10-2024,61,Female,Groceries,5,6,32
11-11-2022,23,Female,Groceries,14,3,49
22-03-2024,56,Female,Sports,1,29,29
12-06-2024,24,Male,Groceries,15,5,72
09-02-2023,28,Male,Electronics,3,961,2883
17-11-2024,30,Female,Clothing,1,119,119
29-11-2024,59,Female,Groceries,12,14,173
25-05-2023,55,Female,Electronics,3,432,1297
07-01-2023,45,Male,Beauty,2,13,27
05-06-2022,45,Male,Beauty,3,47,141
24-04-2024,38,Male,Clothing,4,82,327
23-02-2023,62,Male,Electronics,2,1064,2129
12-05-2023,43,Male,Clothing,3,41,122
27-04-2023,20,Male,Clothing,1,39,39
15-01-2023,59,Female,Electronics,3,1141,3424
14-07-2024,26,Female,Clothing,1,21,21
19-05-2023,33,Male,Groceries,3,4,13
08-01-2023,59,Male,Sports,3,76,227
06-08-2022,64,Female,Groceries,9,6,51
13-06-2023,25,Female,Sports,2,29,58
22-10-2022,39,Female,Groceries,4,12,49
10-06-2023,58,Male,Sports,1,195,195
11-03-2024,20,Female,Electronics,3,697,2090
19-08-2024,30,Male,Beauty,2,55,110
06-08-2023,59,Female,Beauty,2,16,33
25-03-2022,51,Male,Beauty,2,51,101
09-06-2022,28,Male,Groceries,15,7,106
03-04-2024,23,Female,Beauty,3,24,72
01-11-2024,60,Male,Beauty,3,46,139
03-05-2022,62,Female,Electronics,3,524,1571
10-06-2024,36,Male,Beauty,2,50,100
10-09-2023,43,Male,Groceries,5,3,15
16-08-2024,65,Female,Sports,2,129,259
06-01-2023,26,Female,Electronics,2,620,1241
29-10-2022,42,Female,Groceries,3,3,10
28-10-2024,46,Female,Groceries,8,11,87
04-11-2023,63,Male,Beauty,2,18,36
12-11-2022,63,Male,Sports,3,174,521
17-08-2023,63,Male,Sports,3,31,93
09-03-2023,34,Male,Electronics,1,432,432
17-03-2024,31,Female,Clothing,1,43,43
10-10-2023,30,Male,Clothing,2,87,173
10-12-2022,24,Male,Beauty,1,57,57
18-05-2023,34,Male,Beauty,1,46,46
13-07-2023,33,Male,Groceries,6,11,64
07-03-2024,44,Male,Beauty,3,33,99
28-09-2022,33,Male,Sports,1,139,139
19-12-2024,64,Female,Sports,2,158,317
30-06-2024,28,Female,Groceries,12,12,139
05-07-2023,18,Female,Electronics,1,1132,1132
08-10-2022,34,Male,Groceries,12,12,144
23-10-2024,57,Male,Sports,2,176,351
07-11-2022,43,Female,Beauty,1,22,22
06-07-2024,33,Female,Electronics,1,1032,1032
22-02-2023,60,Female,Sports,1,161,161
15-08-2022,37,Female,Beauty,2,21,42
17-11-2023,33,Female,Sports,2,142,285
07-05-2024,54,Female,Beauty,1,51,51
16-06-2024,60,Female,Sports,1,166,166
18-06-2024,31,Female,Beauty,1,18,18
20-04-2023,26,Female,Clothing,2,25,50
10-01-2023,45,Female,Electronics,1,673,673
10-07-2022,52,Female,Electronics,2,1189,2377
07-02-2022,54,Female,Electronics,2,763,1527
25-03-2024,19,Male,Beauty,1,42,42
25-04-2024,21,Male,Sports,3,34,101
23-07-2023,62,Female,Groceries,5,11,53
07-01-2024,62,Male,Clothing,4,93,373
17-03-2023,50,Female,Electronics,3,952,2856
04-11-2022,18,Male,Beauty,3,36,108
13-10-2023,24,Male,Sports,1,99,99
17-06-2022,45,Female,Groceries,3,6,19
24-06-2022,50,Female,Beauty,3,19,56
03-01-2024,58,Female,Groceries,15,4,57
12-10-2022,41,Female,Clothing,1,84,84
29-07-2024,39,Male,Electronics,1,616,616
10-11-2023,31,Male,Electronics,3,990,2971
28-10-2022,51,Male,Groceries,6,11,65
23-05-2023,52,Female,Sports,2,100,200
03-05-2023,22,Female,Clothing,2,103,205
13-05-2023,49,Female,Sports,2,80,159
31-07-2023,26,Male,Electronics,1,491,491
27-09-2022,60,Male,Sports,2,100,199
15-11-2024,37,Male,Electronics,1,237,237
01-10-2024,31,Female,Electronics,1,920,920
28-07-2023,44,Male,Groceries,12,5,57
30-04-2022,54,Female,Groceries,3,10,31
13-05-2023,29,Male,Beauty,2,26,51
29-11-2024,20,Female,Beauty,3,24,73
03-02-2024,24,Female,Clothing,4,45,179
17-01-2023,46,Male,Sports,3,39,116
13-07-2024,23,Female,Sports,3,29,88
10-09-2024,23,Male,Clothing,1,93,93
26-08-2023,40,Male,Clothing,3,80,240
29-12-2022,25,Male,Electronics,1,1094,1094
23-12-2024,49,Male,Clothing,1,55,55
19-05-2023,49,Female,Electronics,1,892,892
02-07-2024,49,Male,Sports,3,146,439
27-05-2023,24,Male,Sports,3,107,320
08-05-2023,41,Female,Beauty,3,35,105
05-02-2024,23,Male,Clothing,4,61,245
21-04-2024,18,Male,Beauty,2,49,98
30-06-2022,58,Female,Electronics,3,1053,3160
07-07-2024,40,Male,Beauty,3,38,113
10-02-2023,51,Male,Groceries,11,6,63
27-01-2022,52,Male,Groceries,7,11,79
21-03-2024,65,Male,Sports,3,139,418
23-03-2023,37,Male,Sports,1,187,187
27-01-2023,52,Male,Beauty,3,55,165
04-04-2023,18,Male,Groceries,14,3,36
21-02-2022,59,Female,Electronics,1,590,590
01-12-2024,54,Female,Clothing,3,117,350
20-05-2023,45,Female,Clothing,3,30,90
04-11-2024,57,Female,Beauty,2,58,115
14-01-2022,26,Male,Electronics,2,532,1064
28-06-2023,38,Male,Beauty,2,38,77
12-07-2022,29,Male,Beauty,2,54,108
01-12-2023,48,Female,Beauty,1,36,36
27-10-2022,60,Female,Groceries,4,9,37
31-08-2022,63,Male,Electronics,1,911,911
22-04-2024,57,Male,Sports,3,68,205
25-02-2022,64,Male,Electronics,2,241,482
19-06-2022,31,Male,Groceries,10,7,66
23-06-2024,26,Female,Beauty,2,42,83
24-04-2023,31,Female,Clothing,4,47,188
02-10-2024,29,Female,Electronics,1,1010,1010
15-02-2022,26,Female,Electronics,2,1055,2111
16-01-2022,31,Female,Electronics,3,802,2405
24-01-2023,19,Male,Clothing,4,79,315
10-12-2022,41,Male,Clothing,3,101,302
26-10-2024,26,Male,Groceries,6,9,57
27-07-2024,25,Female,Electronics,2,842,1684
27-05-2022,41,Female,Beauty,2,48,96
13-09-2024,55,Male,Clothing,4,77,306
05-03-2022,62,Male,Clothing,4,25,99
02-11-2022,54,Female,Sports,3,133,400
04-10-2023,37,Female,Sports,3,83,248
13-12-2024,59,Male,Electronics,1,1193,1193
27-11-2023,40,Male,Sports,2,118,236
02-11-2024,61,Male,Clothing,3,20,61
03-03-2024,55,Male,Clothing,1,117,117
13-02-2024,31,Female,Groceries,5,10,52
20-10-2022,30,Female,Clothing,1,86,86
18-07-2024,65,Male,Electronics,1,1014,1014
06-10-2024,44,Female,Sports,3,191,574
09-01-2023,47,Female,Sports,3,159,477
27-02-2024,31,Female,Beauty,1,33,33
02-11-2024,49,Female,Groceries,5,12,62
03-03-2022,63,Female,Beauty,3,11,34
28-08-2022,50,Female,Groceries,11,11,126
06-11-2024,31,Male,Groceries,11,8,92
28-11-2023,50,Male,Beauty,1,24,24
01-08-2023,19,Male,Clothing,4,92,369
23-12-2022,22,Male,Sports,2,124,247
22-05-2022,43,Male,Clothing,3,33,99
24-12-2023,63,Female,Clothing,4,24,96
16-11-2024,38,Male,Electronics,2,331,662
09-12-2024,36,Female,Beauty,1,18,18
09-05-2023,24,Male,Sports,1,105,105
07-04-2022,50,Male,Beauty,2,57,115
15-10-2024,22,Male,Sports,3,36,107
23-08-2023,56,Male,Clothing,3,54,162
30-08-2023,38,Female,Beauty,2,12,25
18-08-2023,40,Female,Beauty,1,44,44
16-01-2023,18,Female,Beauty,2,29,58
26-05-2022,51,Female,Groceries,6,12,72
06-09-2023,32,Male,Beauty,2,25,50
04-01-2023,46,Male,Groceries,5,8,39
11-12-2024,27,Male,Groceries,15,3,48
05-11-2022,62,Female,Beauty,2,24,49
15-01-2023,28,Male,Beauty,2,59,118
13-08-2023,30,Male,Beauty,1,33,33
06-08-2024,39,Female,Clothing,3,68,205
04-11-2023,42,Male,Clothing,1,63,63
18-07-2024,40,Female,Electronics,2,560,1119
31-12-2022,65,Male,Groceries,14,4,56
24-03-2022,56,Female,Clothing,4,27,108
27-03-2023,36,Male,Clothing,2,71,141
25-03-2023,47,Female,Sports,3,111,333
03-06-2023,43,Male,Groceries,5,10,50
30-10-2022,18,Female,Groceries,12,5,54
12-08-2024,36,Female,Sports,2,161,323
19-01-2022,32,Male,Electronics,3,354,1063
19-11-2022,65,Male,Beauty,3,16,49
21-04-2022,36,Female,Electronics,3,764,2293
21-03-2023,22,Female,Groceries,11,4,49
06-06-2023,58,Female,Clothing,3,28,84
04-12-2024,52,Male,Beauty,3,42,126
17-12-2022,57,Male,Sports,2,134,268
13-10-2022,22,Male,Electronics,2,1106,2212
16-07-2024,37,Female,Beauty,2,28,55
04-10-2024,36,Female,Beauty,2,13,27
02-11-2024,44,Male,Sports,1,166,166
10-11-2022,59,Female,Beauty,2,41,82
18-10-2022,24,Male,Clothing,3,67,202
08-08-2023,47,Female,Sports,2,150,299
30-12-2023,41,Male,Electronics,3,219,656
30-04-2024,26,Male,Clothing,1,57,57
29-10-2024,40,Female,Clothing,4,105,422
02-04-2022,60,Female,Sports,1,131,131
13-08-2023,38,Male,Groceries,11,8,90
16-07-2024,58,Male,Sports,1,200,200
12-05-2022,59,Male,Beauty,3,41,122
12-06-2024,52,Female,Beauty,3,15,44
13-10-2023,33,Female,Electronics,1,1083,1083
08-04-2022,34,Female,Beauty,3,33,100
26-02-2023,47,Male,Electronics,3,1068,3205
07-07-2024,60,Female,Sports,3,124,371
29-05-2022,28,Female,Electronics,3,214,643
27-08-2023,51,Male,Electronics,2,1035,2071
14-07-2024,55,Male,Beauty,3,26,77
15-01-2024,55,Female,Sports,1,146,146
12-12-2023,47,Male,Electronics,1,248,248
01-09-2022,42,Male,Beauty,2,40,81
30-10-2022,22,Male,Sports,3,55,164
24-07-2023,38,Male,Sports,1,88,88
13-03-2023,51,Male,Electronics,3,929,2786
02-03-2023,33,Male,Clothing,1,39,39
04-05-2024,60,Male,Clothing,3,110,331
27-10-2023,61,Female,Beauty,2,12,24
10-02-2023,28,Female,Beauty,2,27,54
23-10-2023,32,Female,Beauty,2,38,76
12-08-2023,25,Male,Clothing,4,58,232
19-02-2023,30,Male,Electronics,3,759,2277
05-05-2022,21,Male,Groceries,14,2,32
04-05-2024,40,Female,Beauty,3,50,151
10-09-2022,48,Male,Sports,2,52,104
03-05-2024,45,Female,Electronics,3,695,2085
02-12-2022,62,Male,Electronics,1,367,367
16-04-2024,32,Female,Electronics,1,1035,1035
29-07-2024,35,Female,Beauty,3,41,124
26-10-2024,39,Female,Groceries,10,5,49
28-09-2022,51,Female,Groceries,11,11,124
29-05-2024,21,Male,Groceries,12,13,158
24-10-2022,35,Female,Clothing,3,26,77
15-03-2022,40,Female,Clothing,2,110,219
09-12-2023,30,Male,Electronics,2,330,659
31-05-2023,22,Male,Electronics,1,281,281
06-04-2024,53,Female,Beauty,2,51,102
07-10-2024,36,Male,Electronics,2,238,476
01-10-2023,30,Female,Clothing,4,29,117
12-02-2023,37,Male,Beauty,2,13,25
10-07-2023,58,Female,Electronics,1,679,679
10-05-2023,64,Female,Beauty,2,45,90
23-01-2023,22,Male,Beauty,1,59,59
06-02-2022,19,Female,Clothing,1,69,69
12-06-2023,46,Female,Beauty,1,22,22
14-07-2022,41,Female,Groceries,4,14,56
18-03-2023,25,Male,Electronics,3,233,699
22-10-2022,31,Female,Clothing,2,42,85
24-02-2022,49,Male,Beauty,3,59,176
17-09-2022,49,Male,Electronics,2,543,1087
01-07-2024,57,Male,Beauty,1,27,27
06-06-2024,41,Male,Electronics,3,942,2827
18-10-2024,59,Female,Groceries,10,3,34
04-04-2023,32,Male,Beauty,2,23,46
03-12-2023,36,Male,Sports,2,63,127
25-07-2022,49,Male,Sports,2,57,114
14-12-2022,62,Male,Clothing,2,87,174
22-07-2023,47,Female,Clothing,4,56,224
30-08-2023,25,Female,Clothing,2,75,150
11-05-2023,63,Male,Sports,1,166,166
22-09-2022,43,Female,Groceries,9,15,131
31-10-2024,62,Male,Beauty,3,37,110
15-01-2024,18,Female,Groceries,13,13,163
26-05-2022,59,Female,Groceries,6,6,36
19-02-2024,25,Female,Electronics,1,755,755
07-02-2023,20,Male,Sports,1,109,109
10-08-2022,25,Male,Beauty,3,25,75
09-05-2024,55,Male,Clothing,3,67,200
31-01-2023,54,Female,Sports,3,30,89
28-11-2023,42,Male,Electronics,2,589,1178
01-09-2022,55,Male,Clothing,3,35,106
27-11-2023,30,Male,Electronics,2,214,429
23-11-2024,21,Female,Clothing,2,46,91
23-03-2024,42,Male,Electronics,1,530,530
01-11-2023,38,Female,Electronics,3,844,2533
11-12-2022,25,Female,Clothing,1,55,55
31-10-2023,28,Female,Electronics,3,268,803
03-04-2022,48,Female,Clothing,2,105,210
23-11-2023,58,Female,Beauty,2,40,81
27-05-2023,31,Male,Sports,1,59,59
11-07-2023,42,Female,Beauty,3,34,102
24-01-2022,42,Male,Beauty,2,35,70
21-01-2022,49,Female,Electronics,3,1118,3353
06-05-2024,48,Male,Sports,2,129,258
20-09-2022,25,Male,Groceries,14,10,137
10-12-2022,49,Female,Groceries,14,12,167
04-11-2022,62,Female,Beauty,3,16,47
27-04-2023,29,Male,Electronics,3,244,733
18-01-2022,52,Female,Clothing,2,36,72
27-03-2023,51,Female,Groceries,7,11,78
01-04-2023,33,Male,Electronics,1,308,308
20-11-2023,50,Male,Beauty,3,49,148
13-05-2023,34,Female,Groceries,12,6,74
01-07-2023,59,Male,Clothing,4,84,337
10-08-2024,53,Male,Beauty,2,23,46
16-04-2024,45,Female,Electronics,3,965,2894
15-09-2022,50,Male,Sports,2,98,196
28-01-2022,32,Female,Beauty,2,37,73
15-03-2022,26,Male,Clothing,2,61,122
02-12-2024,18,Male,Beauty,2,13,26
13-08-2024,26,Female,Groceries,12,3,41
12-03-2022,63,Male,Electronics,1,1140,1140
09-07-2024,60,Male,Sports,2,53,107
10-12-2023,26,Male,Clothing,1,33,33
17-06-2023,55,Female,Groceries,4,7,28
08-10-2024,24,Male,Beauty,1,44,44
03-07-2022,20,Female,Clothing,1,79,79
07-04-2023,37,Male,Clothing,4,21,86
29-01-2023,62,Female,Clothing,3,105,315
29-10-2023,18,Male,Electronics,2,755,1510
05-02-2024,41,Female,Electronics,2,234,469
20-07-2024,49,Male,Groceries,8,8,63
09-09-2022,41,Female,Groceries,10,6,58
18-06-2022,39,Female,Beauty,3,29,87
06-10-2024,18,Male,Beauty,2,19,38
08-11-2023,49,Female,Groceries,7,11,74
09-07-2022,38,Female,Electronics,2,384,769
25-05-2023,40,Male,Electronics,3,350,1050
14-08-2024,23,Female,Clothing,2,99,198
22-06-2023,57,Female,Groceries,3,4,12
08-04-2024,40,Female,Electronics,2,320,640
28-02-2024,38,Male,Beauty,2,32,64
16-10-2024,23,Male,Electronics,2,767,1534
16-02-2024,65,Female,Clothing,2,56,112
14-12-2022,32,Male,Electronics,2,493,985
08-08-2022,48,Male,Sports,2,117,234
31-08-2024,65,Male,Clothing,4,91,362
07-04-2022,49,Female,Groceries,13,9,117
14-01-2022,62,Male,Groceries,10,15,146
03-08-2023,19,Female,Clothing,2,114,227
17-08-2023,42,Male,Electronics,1,1161,1161
25-09-2023,29,Male,Groceries,6,11,67
01-04-2022,36,Female,Groceries,7,7,51
20-11-2022,38,Female,Sports,1,85,85
20-10-2023,21,Male,Groceries,4,13,52
15-01-2024,57,Male,Electronics,1,953,953
26-03-2023,49,Female,Groceries,3,3,10
16-03-2022,63,Female,Electronics,3,870,2611
27-09-2022,58,Female,Clothing,1,50,50
27-11-2022,59,Female,Electronics,1,1198,1198
06-01-2023,44,Male,Electronics,1,825,825
22-08-2023,58,Female,Sports,2,64,127
10-08-2022,22,Female,Groceries,9,3,23
26-12-2023,65,Female,Clothing,2,108,215
25-09-2024,47,Female,Electronics,1,628,628
15-10-2024,54,Male,Beauty,3,39,116
10-04-2023,39,Female,Clothing,2,95,190
18-04-2024,64,Female,Electronics,3,420,1259
14-08-2022,61,Male,Groceries,9,13,119
21-04-2023,42,Female,Electronics,2,228,456
14-12-2024,28,Male,Sports,1,99,99
14-05-2022,28,Male,Clothing,2,84,168
19-07-2022,36,Female,Sports,1,50,50
19-06-2022,65,Male,Electronics,2,383,766
22-03-2022,56,Female,Groceries,5,3,16
07-08-2022,50,Male,Groceries,6,14,82
07-10-2022,59,Female,Groceries,11,7,72
11-10-2023,24,Male,Clothing,1,46,46
31-12-2024,61,Female,Clothing,1,80,80
28-08-2024,29,Female,Beauty,1,19,19
10-06-2023,41,Male,Electronics,2,847,1693
15-10-2024,25,Female,Electronics,3,206,617
22-08-2024,29,Male,Clothing,3,74,221
04-07-2023,27,Female,Beauty,2,50,100
08-11-2023,21,Female,Sports,3,180,540
27-04-2024,20,Male,Groceries,3,10,29
21-04-2023,25,Female,Clothing,2,51,103
24-04-2022,58,Male,Groceries,11,3,31
11-02-2024,44,Female,Sports,1,60,60
12-07-2024,59,Female,Electronics,2,979,1958
19-09-2024,47,Male,Electronics,3,582,1747
08-10-2023,41,Male,Beauty,1,47,47
16-09-2022,61,Male,Groceries,3,3,10
02-06-2024,24,Female,Clothing,1,91,91
04-05-2024,45,Male,Beauty,3,50,151
26-06-2022,34,Female,Beauty,2,44,88
18-01-2023,23,Female,Clothing,3,96,287
29-03-2024,53,Female,Clothing,3,48,143
10-06-2023,42,Female,Electronics,1,1012,1012
30-08-2022,42,Female,Electronics,3,756,2268
25-12-2023,47,Female,Electronics,2,1107,2215
30-10-2022,51,Male,Clothing,2,79,159
19-05-2022,59,Male,Sports,3,189,568
08-11-2023,59,Female,Beauty,2,44,88
13-10-2023,44,Male,Clothing,2,22,44
07-05-2024,42,Female,Clothing,4,79,317
01-12-2024,28,Female,Clothing,1,64,64
20-11-2024,20,Female,Sports,1,88,88
15-05-2024,18,Female,Beauty,2,32,64
06-01-2024,46,Female,Clothing,4,111,442
25-03-2023,51,Female,Electronics,2,201,402
01-02-2023,26,Female,Electronics,2,270,540
06-02-2024,37,Male,Sports,2,174,348
14-06-2024,52,Female,Beauty,2,27,54
07-09-2022,54,Male,Groceries,15,14,215
11-03-2022,43,Male,Beauty,2,49,97
31-07-2024,31,Female,Groceries,3,9,26
01-07-2022,60,Female,Beauty,3,28,85
01-02-2022,61,Female,Beauty,3,46,137
27-02-2023,64,Male,Sports,1,103,103
30-04-2023,65,Female,Clothing,3,64,191
22-04-2024,36,Female,Electronics,2,361,722
01-02-2023,61,Female,Electronics,2,1114,2228
01-01-2024,48,Male,Sports,2,31,63
22-06-2023,40,Female,Electronics,3,1030,3091
19-04-2024,23,Male,Electronics,1,828,828
06-10-2022,25,Female,Clothing,4,90,359
22-11-2024,30,Male,Beauty,1,58,58
30-04-2024,51,Female,Groceries,6,11,66
02-06-2022,64,Female,Clothing,2,110,220
01-04-2023,35,Male,Clothing,3,116,349
06-05-2023,51,Female,Sports,1,111,111
26-07-2023,56,Female,Groceries,6,12,71
26-06-2023,62,Female,Clothing,2,111,223
28-03-2024,50,Female,Electronics,2,333,666
01-01-2023,47,Male,Beauty,2,44,89
31-05-2022,31,Male,Sports,2,177,354
04-12-2022,30,Male,Electronics,2,791,1582
08-05-2022,49,Male,Beauty,1,21,21
04-03-2022,27,Male,Clothing,3,106,318
12-01-2022,59,Female,Sports,1,103,103
07-07-2022,59,Female,Beauty,2,28,55
08-09-2023,37,Female,Sports,1,177,177
03-05-2022,32,Male,Clothing,1,99,99
24-11-2022,34,Female,Sports,1,31,31
15-12-2024,40,Male,Electronics,2,627,1255
24-03-2024,65,Female,Clothing,4,86,344
16-10-2023,55,Female,Sports,3,120,361
08-05-2024,65,Female,Sports,2,177,355
30-07-2022,22,Male,Sports,3,136,408
05-02-2024,44,Male,Beauty,3,41,123
24-11-2024,47,Female,Beauty,3,44,133
26-04-2023,27,Male,Groceries,13,13,168
28-06-2023,49,Female,Sports,1,168,168
17-08-2023,18,Female,Clothing,4,99,397
20-08-2023,47,Male,Clothing,3,83,249
09-04-2024,40,Female,Sports,2,189,378
20-07-2022,29,Male,Groceries,15,10,150
06-08-2024,51,Female,Clothing,3,101,304
10-09-2024,45,Male,Beauty,1,38,38
27-06-2022,64,Female,Beauty,2,52,104
05-02-2023,24,Male,Clothing,4,58,231
28-07-2024,63,Male,Beauty,3,55,164
04-11-2023,50,Female,Beauty,1,57,57
12-07-2023,32,Female,Beauty,1,28,28
10-12-2022,61,Male,Beauty,2,43,87
31-08-2023,52,Male,Clothing,4,97,387
15-01-2023,26,Female,Electronics,3,448,1344
20-11-2023,51,Female,Clothing,4,44,174
26-11-2022,53,Female,Beauty,1,55,55
04-05-2023,63,Female,Electronics,2,595,1191
17-05-2022,32,Male,Clothing,1,106,106
22-01-2023,63,Male,Clothing,2,102,203
18-01-2024,62,Female,Groceries,7,10,72
09-11-2024,30,Female,Beauty,1,49,49
17-07-2022,61,Female,Clothing,3,51,154
20-02-2023,42,Female,Groceries,13,4,46
23-08-2022,34,Male,Groceries,12,5,60
09-12-2024,35,Male,Sports,1,99,99
08-12-2022,59,Female,Clothing,3,62,186
02-02-2022,32,Male,Groceries,13,13,175
20-03-2024,40,Male,Groceries,8,7,53
22-09-2023,44,Female,Electronics,3,740,2220
22-02-2023,63,Male,Sports,1,58,58
18-06-2022,31,Male,Sports,2,127,254
06-09-2023,62,Female,Electronics,3,221,663
02-04-2023,36,Female,Groceries,11,9,96
28-02-2024,24,Male,Beauty,2,19,38
25-11-2022,52,Male,Beauty,3,46,137
22-06-2022,31,Female,Sports,1,168,168
13-11-2024,26,Female,Clothing,1,24,24
31-08-2023,49,Male,Sports,1,96,96
06-05-2022,29,Male,Groceries,3,5,15
01-06-2022,40,Female,Groceries,11,6,63
25-09-2023,22,Male,Sports,3,74,223
16-11-2023,32,Female,Electronics,3,383,1150
09-06-2023,46,Male,Electronics,3,334,1001
11-03-2024,26,Male,Beauty,3,36,109
29-01-2024,62,Male,Beauty,2,20,41
28-04-2022,35,Male,Electronics,3,1017,3051
14-03-2024,31,Female,Groceries,14,11,151
01-08-2023,18,Male,Groceries,13,9,112
03-12-2024,39,Male,Groceries,9,12,105
28-09-2023,23,Female,Clothing,2,35,71
19-10-2023,42,Female,Clothing,4,89,354
10-12-2022,45,Male,Beauty,1,47,47
02-11-2022,21,Male,Sports,2,75,150
17-11-2024,43,Female,Clothing,1,28,28
18-10-2023,57,Female,Beauty,1,30,30
21-11-2022,46,Male,Clothing,4,51,205
10-10-2022,34,Male,Clothing,3,95,285
30-12-2022,58,Male,Clothing,2,119,238
16-07-2022,28,Female,Sports,1,192,192
03-09-2022,36,Male,Groceries,14,9,126
15-05-2022,21,Male,Beauty,1,24,24
23-09-2022,43,Male,Clothing,2,87,175
05-08-2024,40,Male,Clothing,1,41,41
11-03-2022,37,Male,Electronics,3,343,1030
05-12-2023,55,Female,Groceries,8,12,99
23-04-2023,22,Female,Sports,1,38,38
25-07-2024,56,Male,Clothing,1,89,89
08-12-2022,28,Male,Beauty,3,15,46
16-09-2022,42,Female,Beauty,2,20,41
08-12-2023,45,Female,Clothing,1,33,33
28-08-2024,18,Male,Electronics,2,345,690
25-11-2022,52,Male,Clothing,3,31,93
28-02-2022,35,Male,Sports,3,27,80
25-02-2024,20,Female,Electronics,1,233,233
07-12-2022,33,Female,Electronics,2,383,766
31-08-2023,51,Male,Sports,3,98,294
27-01-2022,34,Male,Electronics,1,244,244
11-11-2024,53,Female,Groceries,12,6,77
17-06-2023,55,Female,Electronics,1,454,454
23-12-2022,63,Female,Clothing,3,40,120
11-06-2022,53,Female,Clothing,1,83,83
26-05-2024,39,Male,Groceries,12,7,87
03-06-2022,51,Male,Groceries,14,4,49
20-01-2024,32,Female,Clothing,1,53,53
21-01-2023,58,Female,Electronics,3,713,2139
14-05-2022,58,Female,Sports,3,59,177
05-06-2022,28,Female,Beauty,1,15,15
11-10-2022,34,Female,Sports,1,142,142
22-08-2024,54,Female,Beauty,2,38,75
08-12-2024,40,Female,Sports,3,34,103
25-01-2024,26,Male,Groceries,10,12,118
26-05-2023,59,Male,Electronics,3,695,2084
10-01-2024,50,Female,Sports,3,138,414
28-09-2023,64,Male,Beauty,3,13,39
19-11-2023,55,Female,Sports,2,179,357
31-05-2023,58,Female,Electronics,3,533,1599
30-07-2024,63,Male,Beauty,3,33,99
19-04-2024,19,Female,Clothing,1,74,74
30-09-2023,35,Female,Electronics,1,357,357
30-07-2023,24,Male,Electronics,3,845,2534
16-11-2022,63,Female,Electronics,3,816,2447
07-04-2022,27,Female,Groceries,11,9,98
01-08-2024,48,Male,Clothing,2,50,101
14-08-2024,64,Female,Electronics,3,983,2948
29-05-2024,62,Male,Clothing,3,65,195
25-07-2022,32,Female,Electronics,2,839,1677
19-07-2022,55,Female,Clothing,2,47,94
10-12-2022,33,Male,Groceries,14,12,174
02-08-2022,48,Male,Clothing,4,25,99
16-04-2022,60,Female,Clothing,2,100,201
10-09-2023,50,Female,Electronics,1,615,615
07-02-2024,41,Female,Clothing,4,81,323
28-09-2022,32,Female,Beauty,2,13,26
29-03-2023,23,Male,Electronics,2,1036,2073
22-07-2024,31,Female,Beauty,2,17,33
16-01-2022,28,Female,Beauty,2,40,79
07-03-2023,32,Female,Electronics,1,1169,1169
28-05-2024,24,Male,Clothing,3,52,155
04-12-2024,27,Male,Sports,2,66,131
27-03-2022,21,Male,Electronics,3,270,811
02-09-2023,60,Female,Groceries,13,13,168
13-08-2022,37,Female,Sports,3,119,358
17-03-2024,53,Male,Clothing,3,33,100
24-11-2024,41,Male,Electronics,3,248,745
21-09-2022,45,Female,Electronics,1,663,663
26-07-2022,45,Female,Electronics,3,468,1403
23-02-2023,59,Female,Clothing,3,97,291
09-04-2024,44,Female,Beauty,1,47,47
26-02-2022,47,Female,Beauty,2,35,70
03-07-2023,47,Female,Beauty,2,38,76
18-10-2023,22,Female,Beauty,3,29,86
12-01-2024,50,Female,Sports,1,136,136
12-10-2022,32,Female,Beauty,3,20,61
14-02-2022,20,Male,Sports,3,81,242
25-05-2022,42,Male,Electronics,2,864,1728
02-09-2022,57,Male,Sports,1,74,74
16-02-2024,46,Male,Sports,2,183,365
05-08-2023,42,Female,Electronics,2,936,1872
01-01-2024,18,Male,Electronics,1,416,416
21-12-2022,30,Male,Groceries,8,13,105
05-01-2022,46,Female,Beauty,1,31,31
12-03-2023,54,Female,Groceries,8,10,84
30-08-2023,59,Female,Sports,1,143,143
14-09-2024,23,Female,Groceries,5,13,67
23-01-2023,56,Female,Groceries,9,14,129
07-02-2023,32,Male,Beauty,3,13,38
23-06-2024,39,Female,Electronics,1,951,951
31-08-2023,24,Female,Clothing,2,60,119
19-10-2022,56,Female,Beauty,3,46,137
31-03-2022,62,Female,Clothing,4,46,185
20-05-2024,28,Female,Sports,2,108,216
05-09-2023,37,Male,Electronics,1,326,326
23-12-2022,29,Male,Groceries,13,12,159
01-01-2023,46,Male,Beauty,2,57,114
23-10-2023,58,Female,Sports,1,110,110
04-08-2024,19,Male,Clothing,2,75,150
26-08-2024,46,Male,Electronics,1,1090,1090
16-01-2023,45,Female,Beauty,3,58,173
01-09-2024,25,Male,Electronics,3,307,920
02-07-2023,51,Female,Groceries,8,6,48
29-11-2024,18,Male,Groceries,7,13,90
15-01-2022,51,Female,Sports,3,155,465
22-12-2023,61,Male,Sports,3,66,198
30-06-2023,31,Male,Beauty,3,32,95
03-03-2023,32,Female,Electronics,1,375,375
07-06-2023,62,Female,Sports,1,64,64
29-03-2024,18,Female,Clothing,3,65,195
23-02-2022,58,Male,Sports,3,131,393
25-08-2024,48,Male,Clothing,1,109,109
29-09-2024,55,Male,Beauty,2,10,20
02-03-2022,40,Female,Sports,3,136,407
28-11-2024,65,Female,Clothing,3,113,338
08-02-2022,54,Male,Sports,1,187,187
01-08-2024,28,Female,Groceries,11,6,66
05-01-2023,45,Male,Sports,3,136,409
25-10-2024,21,Female,Sports,2,176,352
02-10-2023,60,Male,Beauty,1,17,17
17-03-2024,62,Female,Groceries,11,9,98
22-03-2022,30,Male,Electronics,1,921,921
23-09-2024,23,Male,Electronics,3,726,2179
26-02-2024,37,Male,Sports,2,46,93
26-03-2023,21,Female,Beauty,2,24,47
27-12-2022,20,Male,Electronics,1,946,946
26-10-2022,29,Male,Groceries,15,15,220
05-11-2024,57,Male,Sports,3,92,276
23-08-2022,33,Female,Clothing,4,109,436
11-01-2023,49,Male,Groceries,7,5,34
04-09-2024,29,Male,Electronics,2,1136,2272
25-07-2022,45,Female,Clothing,2,38,76
04-01-2024,51,Female,Clothing,4,86,345
29-11-2024,29,Male,Sports,2,136,272
30-11-2023,60,Female,Sports,3,153,459
29-12-2023,64,Female,Groceries,12,13,156
10-08-2022,19,Male,Sports,2,53,107
03-03-2023,40,Male,Sports,2,187,373
26-04-2022,64,Female,Sports,3,151,453
03-03-2023,43,Male,Groceries,4,11,44
03-12-2022,20,Female,Sports,2,154,308
24-06-2022,63,Female,Beauty,1,13,13
15-08-2024,23,Male,Electronics,1,866,866
13-02-2023,58,Male,Sports,2,56,112
26-02-2024,47,Female,Electronics,1,358,358
23-07-2022,50,Male,Clothing,1,23,23
08-06-2023,58,Female,Clothing,1,62,62
17-11-2022,33,Male,Electronics,2,453,906
09-09-2022,65,Male,Sports,1,61,61
30-10-2022,39,Male,Sports,1,181,181
27-06-2024,60,Female,Electronics,3,1071,3214
13-01-2022,32,Female,Sports,2,69,139
05-09-2024,30,Male,Clothing,1,47,47
08-12-2023,42,Female,Clothing,4,26,103
19-05-2022,62,Male,Groceries,15,11,169
24-07-2024,30,Male,Electronics,3,269,807
07-09-2024,61,Female,Clothing,4,100,400
15-02-2022,45,Female,Sports,3,71,212
01-11-2024,31,Male,Groceries,10,6,58
10-11-2022,46,Female,Groceries,5,15,73
09-05-2023,60,Male,Clothing,2,23,46
20-05-2024,61,Female,Groceries,15,2,31
01-11-2023,34,Male,Clothing,3,29,87
26-08-2023,56,Male,Sports,3,186,557
14-04-2022,46,Male,Beauty,2,23,47
26-06-2022,20,Male,Groceries,5,11,53
01-04-2022,23,Male,Groceries,5,3,17
24-11-2024,33,Male,Beauty,1,17,17
12-10-2022,20,Male,Groceries,12,11,128
08-08-2024,30,Male,Beauty,1,19,19
05-12-2024,35,Male,Clothing,3,59,178
01-06-2022,35,Female,Electronics,2,1050,2101
21-01-2022,18,Female,Sports,2,103,207
29-07-2023,33,Male,Sports,2,185,371
21-07-2024,25,Female,Electronics,2,442,884
12-08-2024,51,Male,Electronics,2,552,1103
21-11-2023,37,Female,Sports,1,130,130
24-08-2024,60,Female,Clothing,4,20,80
08-05-2022,62,Male,Groceries,13,6,81
01-03-2023,62,Male,Beauty,2,15,30
08-01-2022,27,Female,Beauty,3,44,132
16-01-2022,23,Male,Groceries,5,8,39
13-11-2022,22,Female,Beauty,1,21,21
03-07-2023,40,Male,Groceries,10,12,121
12-03-2024,52,Male,Groceries,11,3,38
12-06-2024,28,Female,Groceries,13,6,75
04-09-2023,43,Male,Groceries,10,12,116
23-07-2023,27,Male,Beauty,1,45,45
15-05-2022,55,Male,Beauty,1,44,44
01-12-2022,50,Male,Beauty,2,53,105
11-09-2022,33,Male,Sports,3,161,484
09-03-2024,47,Female,Beauty,3,59,178
23-07-2023,41,Male,Sports,1,29,29
07-10-2024,18,Male,Electronics,2,422,844
01-10-2022,50,Male,Electronics,3,716,2149
23-06-2024,50,Female,Groceries,12,13,162
27-11-2024,63,Female,Electronics,1,827,827
05-03-2024,44,Female,Groceries,4,14,56
17-09-2024,19,Male,Groceries,7,3,21
06-08-2023,37,Male,Sports,2,87,175
15-02-2022,34,Female,Groceries,11,5,59
25-04-2024,24,Female,Beauty,1,14,14
14-11-2022,39,Female,Beauty,2,23,46
06-12-2024,47,Male,Groceries,15,12,181
05-08-2023,25,Male,Sports,1,53,53
30-09-2024,26,Female,Clothing,4,85,342
01-04-2024,41,Male,Electronics,1,977,977
16-04-2022,40,Male,Electronics,3,886,2657
30-12-2024,45,Female,Clothing,2,97,193
13-03-2022,38,Male,Clothing,2,56,112
24-01-2023,51,Female,Clothing,4,111,445
05-10-2022,55,Male,Groceries,4,12,47
04-10-2023,19,Female,Electronics,2,761,1521
17-02-2024,42,Female,Sports,1,114,114
13-08-2022,39,Male,Beauty,1,35,35
12-01-2022,32,Female,Clothing,1,86,86
17-12-2023,31,Male,Clothing,1,21,21
05-08-2023,18,Male,Electronics,3,1158,3475
12-10-2024,33,Male,Clothing,2,69,138
14-01-2023,52,Female,Groceries,14,8,113
25-03-2024,38,Male,Groceries,15,6,90
05-02-2023,36,Female,Groceries,7,8,59
04-11-2022,44,Female,Clothing,4,63,251
29-01-2024,46,Male,Sports,2,185,371
27-01-2022,34,Male,Electronics,1,394,394
24-12-2024,53,Female,Clothing,1,101,101
30-05-2024,60,Female,Groceries,13,6,80
19-08-2024,36,Female,Beauty,1,40,40
10-11-2023,49,Female,Electronics,3,951,2854
24-04-2023,39,Male,Clothing,4,34,134
04-11-2022,25,Male,Electronics,1,301,301
27-08-2024,45,Male,Electronics,2,786,1572
13-12-2022,29,Female,Electronics,1,710,710
21-04-2024,37,Male,Clothing,2,102,203
27-11-2024,32,Male,Groceries,8,6,44
27-08-2024,19,Female,Groceries,3,8,24
20-05-2022,40,Male,Electronics,2,202,404
11-12-2023,48,Male,Groceries,11,9,102
01-08-2022,60,Male,Beauty,3,39,116
09-09-2023,48,Male,Clothing,2,103,207
12-04-2022,41,Male,Sports,2,41,81
06-05-2023,24,Male,Groceries,12,8,93
28-01-2024,20,Male,Groceries,12,10,114
28-07-2023,44,Male,Groceries,15,7,108
19-10-2022,26,Female,Groceries,8,6,45
16-03-2024,37,Male,Beauty,2,58,116
02-04-2023,60,Female,Sports,1,154,154
29-09-2022,42,Male,Sports,3,100,300
25-05-2024,42,Male,Clothing,4,106,422
29-07-2022,45,Female,Clothing,1,27,27
19-03-2023,38,Female,Beauty,1,32,32
20-08-2023,33,Male,Groceries,10,13,131
18-12-2022,65,Male,Clothing,3,118,354
17-04-2022,36,Female,Clothing,2,35,70
16-04-2023,51,Male,Groceries,7,5,34
05-10-2023,46,Male,Beauty,3,14,43
01-08-2023,46,Male,Electronics,3,679,2038
21-12-2022,33,Female,Beauty,2,35,69
26-06-2024,58,Male,Groceries,5,15,74
18-07-2024,61,Male,Clothing,4,107,426
29-05-2024,52,Male,Clothing,4,21,83
01-01-2022,58,Female,Beauty,3,47,142
01-02-2022,32,Male,Sports,1,115,115
10-07-2023,38,Male,Sports,1,46,46
04-12-2024,37,Male,Beauty,1,53,53
28-07-2022,60,Female,Beauty,3,52,157
25-07-2024,27,Male,Sports,3,69,206
06-06-2023,47,Female,Clothing,4,39,157
21-07-2023,25,Male,Electronics,1,1144,1144
06-12-2023,44,Female,Clothing,3,43,128
28-01-2023,35,Male,Electronics,1,744,744
18-11-2022,40,Female,Groceries,9,11,101
08-05-2023,34,Female,Clothing,2,31,63
25-05-2023,49,Female,Clothing,3,111,334
23-05-2022,58,Male,Clothing,3,57,170
19-02-2022,42,Male,Electronics,3,256,769
07-03-2022,65,Male,Sports,1,105,105
10-06-2022,42,Male,Beauty,1,39,39
25-07-2024,52,Female,Beauty,3,56,168
27-07-2024,39,Female,Beauty,2,22,43
03-06-2024,63,Male,Sports,3,70,211
11-09-2024,28,Female,Beauty,1,51,51
20-09-2024,56,Female,Electronics,3,856,2569
04-06-2023,58,Female,Beauty,3,45,136
05-08-2022,46,Female,Beauty,1,12,12
01-10-2023,45,Female,Sports,2,192,384
01-05-2023,36,Male,Groceries,6,5,29
27-06-2022,31,Female,Electronics,3,1078,3234
01-01-2023,49,Female,Beauty,3,19,56
23-06-2023,56,Female,Clothing,1,57,57
24-02-2022,43,Female,Electronics,1,771,771
23-12-2023,30,Male,Groceries,10,11,112
12-07-2024,37,Male,Sports,2,101,201
13-03-2023,33,Male,Beauty,1,41,41
27-04-2023,24,Male,Electronics,3,796,2387
22-04-2022,22,Male,Clothing,4,99,397
19-05-2022,25,Male,Sports,3,173,519
12-02-2022,32,Male,Groceries,6,7,40
17-11-2022,33,Female,Electronics,3,665,1995
18-01-2022,41,Female,Groceries,14,13,183
28-07-2022,26,Male,Sports,3,182,545
03-04-2024,47,Male,Clothing,1,71,71
21-03-2024,41,Male,Sports,1,89,89
04-11-2022,32,Male,Electronics,1,866,866
17-09-2024,65,Female,Electronics,2,921,1842
26-02-2022,31,Male,Groceries,7,5,38
16-02-2024,49,Male,Clothing,2,47,94
11-08-2023,36,Male,Sports,3,199,598
06-02-2022,41,Male,Beauty,1,21,21
16-06-2022,37,Male,Groceries,12,13,158
07-01-2023,24,Male,Groceries,6,5,30
12-12-2024,30,Male,Groceries,6,6,34
24-02-2023,18,Female,Beauty,2,45,91
16-07-2022,30,Female,Clothing,2,106,213
06-07-2022,57,Male,Beauty,3,43,129
28-11-2022,37,Female,Electronics,1,651,651
30-07-2023,28,Male,Electronics,2,1156,2312
17-06-2024,45,Female,Beauty,2,57,114
01-11-2023,59,Female,Sports,1,84,84
27-10-2023,32,Male,Electronics,3,1091,3273
30-08-2023,44,Male,Clothing,4,72,289
27-07-2024,52,Female,Clothing,4,86,345
22-02-2023,32,Male,Beauty,2,37,73
05-01-2023,25,Female,Groceries,14,7,93
06-06-2024,34,Female,Groceries,9,14,125
09-01-2022,33,Female,Clothing,4,111,446
21-11-2022,26,Male,Sports,1,171,171
06-05-2023,48,Male,Electronics,2,575,1150
22-11-2023,20,Female,Groceries,14,9,126
16-12-2023,42,Male,Sports,3,103,309
29-09-2022,62,Female,Groceries,10,6,57
07-06-2022,59,Female,Beauty,2,18,36
30-05-2024,27,Female,Groceries,10,14,145
23-03-2024,55,Male,Electronics,2,958,1916
06-05-2023,64,Male,Beauty,3,34,102
05-04-2024,28,Male,Clothing,2,75,150
04-03-2022,43,Male,Groceries,7,7,46
16-08-2022,43,Male,Clothing,4,52,208
08-12-2023,32,Female,Groceries,13,10,135
12-04-2023,41,Female,Sports,3,34,102
25-09-2022,48,Male,Groceries,8,10,79
15-02-2022,18,Female,Clothing,2,112,223
11-07-2024,25,Female,Clothing,3,58,174
16-05-2022,25,Female,Clothing,2,118,235
30-10-2023,60,Female,Electronics,1,1060,1060
13-09-2023,43,Female,Clothing,3,62,187
28-05-2022,22,Female,Electronics,2,332,664
10-01-2022,55,Female,Electronics,1,435,435
01-04-2022,39,Male,Clothing,4,113,453
15-04-2023,64,Female,Beauty,1,33,33
10-03-2024,65,Female,Electronics,1,592,592
19-06-2023,39,Male,Beauty,3,30,90
07-02-2022,57,Male,Sports,1,42,42
21-10-2022,54,Female,Clothing,3,53,159
01-01-2022,27,Female,Beauty,1,50,50
16-06-2023,35,Female,Clothing,4,68,272
13-01-2023,27,Male,Groceries,3,3,10
01-05-2024,33,Male,Clothing,3,116,348
11-03-2024,47,Male,Clothing,4,21,82
15-01-2023,58,Female,Sports,3,26,78
12-10-2024,44,Male,Electronics,3,698,2093
24-05-2024,34,Female,Sports,1,167,167
05-05-2023,27,Male,Clothing,1,105,105
31-01-2022,56,Female,Electronics,1,516,516
26-07-2024,21,Female,Electronics,3,860,2579
14-09-2024,36,Male,Beauty,2,30,60
02-04-2023,29,Female,Clothing,4,47,190
11-11-2023,32,Male,Groceries,6,4,23
01-02-2022,58,Female,Beauty,2,52,105
17-11-2022,58,Male,Electronics,2,523,1047
14-10-2022,19,Female,Clothing,4,62,247
02-09-2022,47,Female,Sports,2,44,88
09-05-2022,49,Female,Clothing,4,76,303
22-01-2022,19,Male,Clothing,1,57,57
23-02-2023,31,Male,Groceries,10,7,69
20-05-2022,32,Female,Electronics,1,266,266
06-07-2023,37,Male,Clothing,3,30,89
18-10-2022,62,Male,Clothing,3,29,87
08-12-2022,34,Male,Beauty,3,50,149
20-04-2024,31,Male,Clothing,1,52,52
01-02-2022,18,Female,Sports,2,50,100
06-03-2022,45,Female,Clothing,1,93,93
18-10-2024,43,Female,Electronics,2,656,1313
02-10-2024,47,Male,Groceries,12,10,115
26-05-2022,50,Male,Beauty,3,55,164
